LOCAL-0302FA;Milhazes, Vilar de Figos e Faria
LOCAL-0302FB;Negreiros e Chavão
LOCAL-0302FC;Quintiães e Aguiar
LOCAL-0302FD;Sequeade e Bastuço (São João e Santo Estevão)
LOCAL-0302FE;Silveiros e Rio Covo (Santa Eulália)
LOCAL-0302FF;Tamel (Santa Leocádia) e Vilar do Monte
LOCAL-0302FG;Viatodos, Grimancelos, Minhotães, Monte de Fralães
LOCAL-0302FH;Vila Cova e Feitos
LOCAL-010000;Aveiro
LOCAL-010100;Águeda
LOCAL-010103;Aguada de Cima
LOCAL-010109;Fermentelos
LOCAL-010112;Macinhata do Vouga
LOCAL-010119;Valongo do Vouga
LOCAL-010121;Águeda e Borralha
LOCAL-010122;Barrô e Aguada de Baixo
LOCAL-010123;Belazaima do Chão, Castanheira do Vouga e Agadão
LOCAL-010124;Recardães e Espinhel
LOCAL-010125;Travassô e Óis da Ribeira
LOCAL-010126;Trofa, Segadães e Lamas do Vouga
LOCAL-010127;Préstimo e Macieira de Alcoba
LOCAL-010200;Albergaria-a-Velha
LOCAL-010202;Alquerubim
LOCAL-010203;Angeja
LOCAL-010204;Branca
LOCAL-010206;Ribeira de Fráguas
LOCAL-010209;Albergaria-a-Velha e Valmaior
LOCAL-010210;São João de Loure e Frossos
LOCAL-010300;Anadia
LOCAL-010304;Avelãs de Caminho
LOCAL-010305;Avelãs de Cima
LOCAL-010307;Moita
LOCAL-010309;Sangalhos
LOCAL-010310;São Lourenço do Bairro
LOCAL-010312;Vila Nova de Monsarros
LOCAL-010313;Vilarinho do Bairro
LOCAL-010316;Amoreira da Gândara, Paredes do Bairro e Ancas
LOCAL-010317;Arcos e Mogofores
LOCAL-010318;Tamengos, Aguim e Óis do Bairro
LOCAL-010400;Arouca
LOCAL-010402;Alvarenga
LOCAL-010407;Chave
LOCAL-010409;Escariz
LOCAL-010411;Fermedo
LOCAL-010413;Mansores
LOCAL-010414;Moldes
LOCAL-010415;Rossas
LOCAL-010416;Santa Eulália
LOCAL-010417;São Miguel do Mato
LOCAL-010418;Tropeço
LOCAL-010419;Urrô
LOCAL-010420;Várzea
LOCAL-010421;Arouca e Burgo
LOCAL-010422;Cabreiros e Albergaria da Serra
LOCAL-010423;Canelas e Espiunca
LOCAL-010424;Covelo de Paivó e Janarde
LOCAL-010500;Aveiro
LOCAL-010501;Aradas
LOCAL-010502;Cacia
LOCAL-010505;Esgueira
LOCAL-010508;Oliveirinha
LOCAL-010510;São Bernardo
LOCAL-010511;São Jacinto
LOCAL-010513;Santa Joana
LOCAL-010515;Eixo e Eirol
LOCAL-010516;Requeixo, Nossa Senhora de Fátima e Nariz
LOCAL-010517;Glória e Vera Cruz
LOCAL-010600;Castelo de Paiva
LOCAL-010602;Fornos
LOCAL-010606;Real
LOCAL-010607;Santa Maria de Sardoura
LOCAL-010608;São Martinho de Sardoura
LOCAL-010610;Raiva, Pedorido e Paraíso
LOCAL-010611;Sobrado e Bairros
LOCAL-010700;Espinho
LOCAL-010702;Espinho
LOCAL-010704;Paramos
LOCAL-010705;Silvalde
LOCAL-010706;Anta e Guetim
LOCAL-010800;Estarreja
LOCAL-010801;Avanca
LOCAL-010805;Pardilhó
LOCAL-010806;Salreu
LOCAL-010808;Beduído e Veiros
LOCAL-010809;Canelas e Fermelã
LOCAL-010900;Santa Maria da Feira
LOCAL-010901;Argoncilhe
LOCAL-010902;Arrifana
LOCAL-010904;Escapães
LOCAL-010907;Fiães
LOCAL-010908;Fornos
LOCAL-010913;Lourosa
LOCAL-010914;Milheirós de Poiares
LOCAL-010916;Mozelos
LOCAL-010917;Nogueira da Regedoura
LOCAL-010918;São Paio de Oleiros
LOCAL-010919;Paços de Brandão
LOCAL-010921;Rio Meão
LOCAL-010922;Romariz
LOCAL-010924;Sanguedo
LOCAL-010925;Santa Maria de Lamas
LOCAL-010926;São João de Ver
LOCAL-010932;Caldas de São Jorge e Pigeiros
LOCAL-010933;Canedo, Vale e Vila Maior
LOCAL-010934;Lobão, Gião, Louredo e Guisande
LOCAL-010935;Santa Maria da Feira, Travanca, Sanfins e Espargo
LOCAL-010936;São Miguel de Souto e Mosteirô
LOCAL-011000;Ílhavo
LOCAL-011005;Gafanha da Encarnação
LOCAL-011006;Gafanha da Nazaré
LOCAL-011007;Gafanha do Carmo
LOCAL-011008;Ílhavo (São Salvador)
LOCAL-011100;Mealhada
LOCAL-011102;Barcouço
LOCAL-011103;Casal Comba
LOCAL-011104;Luso
LOCAL-011106;Pampilhosa
LOCAL-011107;Vacariça
LOCAL-011109;Mealhada, Ventosa do Bairro e Antes
LOCAL-011200;Murtosa
LOCAL-011201;Bunheiro
LOCAL-011202;Monte
LOCAL-011203;Murtosa
LOCAL-011204;Torreira
LOCAL-011300;Oliveira de Azeméis
LOCAL-011301;Carregosa
LOCAL-011302;Cesar
LOCAL-011303;Fajões
LOCAL-011304;Loureiro
LOCAL-011305;Macieira de Sarnes
LOCAL-011310;Ossela
LOCAL-011315;São Martinho da Gândara
LOCAL-011318;São Roque
LOCAL-011319;Vila de Cucujães
LOCAL-011320;Nogueira do Cravo e Pindelo
LOCAL-011321;O. Azeméis, Riba-Ul, Ul, Macinhata Seixa, Madail
LOCAL-011322;Pinheiro da Bemposta, Travanca e Palmaz
LOCAL-011400;Oliveira do Bairro
LOCAL-011403;Oiã
LOCAL-011404;Oliveira do Bairro
LOCAL-011405;Palhaça
LOCAL-011407;Bustos, Troviscal e Mamarrosa
LOCAL-011500;Ovar
LOCAL-011502;Cortegaça
LOCAL-011503;Esmoriz
LOCAL-011504;Maceda
LOCAL-011507;Válega
LOCAL-011509;Ovar, S.João, Arada e S.Vicente de Pereira Jusã
LOCAL-011600;São João da Madeira
LOCAL-011601;São João da Madeira
LOCAL-011700;Sever do Vouga
LOCAL-011702;Couto de Esteves
LOCAL-011704;Pessegueiro do Vouga
LOCAL-011705;Rocas do Vouga
LOCAL-011706;Sever do Vouga
LOCAL-011708;Talhadas
LOCAL-011710;Cedrim e Paradela
LOCAL-011711;Silva Escura e Dornelas
LOCAL-011800;Vagos
LOCAL-011801;Calvão
LOCAL-011804;Gafanha da Boa Hora
LOCAL-011805;Ouca
LOCAL-011807;Sosa
LOCAL-011810;Santo André de Vagos
LOCAL-011812;Fonte de Angeão e Covão do Lobo
LOCAL-011813;Ponte de Vagos e Santa Catarina
LOCAL-011814;Vagos e Santo António
LOCAL-011900;Vale de Cambra
LOCAL-011901;Arões
LOCAL-011902;São Pedro de Castelões
LOCAL-011903;Cepelos
LOCAL-011905;Junqueira
LOCAL-011906;Macieira de Cambra
LOCAL-011907;Roge
LOCAL-011910;Vila Chã, Codal e Vila Cova de Perrinho
LOCAL-020000;Beja
LOCAL-020100;Aljustrel
LOCAL-020102;Ervidel
LOCAL-020103;Messejana
LOCAL-020104;São João de Negrilhos
LOCAL-020106;Aljustrel e Rio de Moinhos
LOCAL-020200;Almodôvar
LOCAL-020203;Rosário
LOCAL-020205;Santa Cruz
LOCAL-020206;São Barnabé
LOCAL-020208;Aldeia dos Fernandes
LOCAL-020209;Almodôvar e Graça dos Padrões
LOCAL-020210;Santa Clara-a-Nova e Gomes Aires
LOCAL-020300;Alvito
LOCAL-020301;Alvito
LOCAL-020302;Vila Nova da Baronia
LOCAL-020400;Barrancos
LOCAL-020401;Barrancos
LOCAL-020500;Beja
LOCAL-020502;Baleizão
LOCAL-020503;Beringel
LOCAL-020504;Cabeça Gorda
LOCAL-020506;Nossa Senhora das Neves
LOCAL-020510;Santa Clara de Louredo
LOCAL-020516;São Matias
LOCAL-020519;Albernoa e Trindade
LOCAL-020520;Beja (Salvador e Santa Maria da Feira)
LOCAL-020521;Beja (Santiago Maior e São João Baptista)
LOCAL-020522;Salvada e Quintos
LOCAL-020523;Santa Vitória e Mombeja
LOCAL-020524;Trigaches e São Brissos
LOCAL-020600;Castro Verde
LOCAL-020603;Entradas
LOCAL-020604;Santa Bárbara de Padrões
LOCAL-020605;São Marcos da Ataboeira
LOCAL-020606;Castro Verde e Casével
LOCAL-020700;Cuba
LOCAL-020701;Cuba
LOCAL-020702;Faro do Alentejo
LOCAL-020703;Vila Alva
LOCAL-020704;Vila Ruiva
LOCAL-020800;Ferreira do Alentejo
LOCAL-020803;Figueira dos Cavaleiros
LOCAL-020804;Odivelas
LOCAL-020807;Alfundão e Peroguarda
LOCAL-020808;Ferreira do Alentejo e Canhestros
LOCAL-020900;Mértola
LOCAL-020901;Alcaria Ruiva
LOCAL-020902;Corte do Pinto
LOCAL-020903;Espírito Santo
LOCAL-020904;Mértola
LOCAL-020905;Santana de Cambas
LOCAL-020906;São João dos Caldeireiros
LOCAL-020910;S.Mig. Pinheiro, S.Pedro Solis, S.Sebastião Carros
LOCAL-021000;Moura
LOCAL-021001;Amareleja
LOCAL-021002;Póvoa de São Miguel
LOCAL-021008;Sobral da Adiça
LOCAL-021009;Santo Agostinho e São João Baptista e Santo Amador
LOCAL-021010;Safara e Santo Aleixo da Restauração
LOCAL-021100;Odemira
LOCAL-021102;Relíquias
LOCAL-021103;Sabóia
LOCAL-021106;São Luís
LOCAL-021107;São Martinho das Amoreiras
LOCAL-021111;Vila Nova de Milfontes
LOCAL-021115;Luzianes-Gare
LOCAL-021116;Boavista dos Pinheiros
LOCAL-021117;Longueira/Almograve
LOCAL-021118;Colos
LOCAL-021119;Santa Clara-a-Velha
LOCAL-021120;São Salvador e Santa Maria
LOCAL-021121;São Teotónio
LOCAL-021122;Vale de Santiago
LOCAL-021200;Ourique
LOCAL-021203;Ourique
LOCAL-021206;Santana da Serra
LOCAL-021207;Garvão e Santa Luzia
LOCAL-021208;Panoias e Conceição
LOCAL-021300;Serpa
LOCAL-021302;Brinches
LOCAL-021303;Pias
LOCAL-021307;Vila Verde de Ficalho
LOCAL-021308;Serpa (Salvador e Santa Maria)
LOCAL-021309;Vila Nova de São Bento e Vale de Vargo
LOCAL-021400;Vidigueira
LOCAL-021401;Pedrógão
LOCAL-021402;Selmes
LOCAL-021403;Vidigueira
LOCAL-021404;Vila de Frades
LOCAL-030000;Braga
LOCAL-030100;Amares
LOCAL-030102;Barreiros
LOCAL-030104;Bico
LOCAL-030105;Caires
LOCAL-030107;Carrazedo
LOCAL-030108;Dornelas
LOCAL-030111;Fiscal
LOCAL-030112;Goães
LOCAL-030113;Lago
LOCAL-030118;Rendufe
LOCAL-030119;Bouro (Santa Maria)
LOCAL-030120;Bouro (Santa Marta)
LOCAL-030125;Amares e Figueiredo
LOCAL-030126;Caldelas, Sequeiros e Paranhos
LOCAL-030127;Ferreiros, Prozelo e Besteiros
LOCAL-030128;Torre e Portela
LOCAL-030129;Vilela, Seramil e Paredes Secas
LOCAL-030200;Barcelos
LOCAL-030201;Abade de Neiva
LOCAL-030202;Aborim
LOCAL-030203;Adães
LOCAL-030205;Airó
LOCAL-030206;Aldreu
LOCAL-030208;Alvelos
LOCAL-030209;Arcozelo
LOCAL-030210;Areias
LOCAL-030212;Balugães
LOCAL-030213;Barcelinhos
LOCAL-030215;Barqueiros
LOCAL-030216;Cambeses
LOCAL-030218;Carapeços
LOCAL-030220;Carvalhal
LOCAL-030221;Carvalhas
LOCAL-030224;Cossourado
LOCAL-030228;Cristelo
LOCAL-030234;Fornelos
LOCAL-030235;Fragoso
LOCAL-030237;Gilmonde
LOCAL-030242;Lama
LOCAL-030243;Lijó
LOCAL-030244;Macieira de Rates
LOCAL-030245;Manhente
LOCAL-030247;Martim
LOCAL-030252;Moure
LOCAL-030254;Oliveira
LOCAL-030255;Palme
LOCAL-030256;Panque
LOCAL-030257;Paradela
LOCAL-030259;Pereira
LOCAL-030260;Perelhal
LOCAL-030261;Pousa
LOCAL-030263;Remelhe
LOCAL-030264;Roriz
LOCAL-030265;Rio Covo (Santa Eugénia)
LOCAL-030268;Galegos (Santa Maria)
LOCAL-030272;Galegos (São Martinho)
LOCAL-030277;Tamel (São Veríssimo)
LOCAL-030279;Silva
LOCAL-030282;Ucha
LOCAL-030283;Várzea
LOCAL-030287;Vila Seca
LOCAL-030290;Alheira e Igreja Nova
LOCAL-030291;Alvito (São Pedro e São Martinho) e Couto
LOCAL-030292;Areias de Vilar e Encourados
LOCAL-030293;Barcelos, Vila Boa e Vila Frescainha
LOCAL-030294;Campo e Tamel (São Pedro Fins)
LOCAL-030295;Carreira e Fonte Coberta
LOCAL-030296;Chorente, Góios, Courel, Pedra Furada e Gueral
LOCAL-030297;Creixomil e Mariz
LOCAL-030298;Durrães e Tregosa
LOCAL-030299;Gamil e Midões
LOCAL-030300;Braga
LOCAL-030301;Adaúfe
LOCAL-030312;Espinho
LOCAL-030313;Esporões
LOCAL-030315;Figueiredo
LOCAL-030319;Gualtar
LOCAL-030322;Lamas
LOCAL-030325;Mire de Tibães
LOCAL-030330;Padim da Graça
LOCAL-030331;Palmeira
LOCAL-030334;Pedralva
LOCAL-030336;Priscos
LOCAL-030338;Ruilhe
LOCAL-030349;Braga (São Vicente)
LOCAL-030351;Braga (São Vítor)
LOCAL-030354;Sequeira
LOCAL-030355;Sobreposta
LOCAL-030356;Tadim
LOCAL-030357;Tebosa
LOCAL-030363;Arentim e Cunha
LOCAL-030364;Braga (Maximinos, Sé e Cividade)
LOCAL-030365;Braga (São José de São Lázaro e São João do Souto)
LOCAL-030366;Cabreiros e Passos (São Julião)
LOCAL-030367;Celeirós, Aveleda e Vimieiro
LOCAL-030368;Crespos e Pousada
LOCAL-030369;Escudeiros e Penso (Santo Estêvão e São Vicente)
LOCAL-030370;Este (São Pedro e São Mamede)
LOCAL-030371;Ferreiros e Gondizalves
LOCAL-030372;Guisande e Oliveira (São Pedro)
LOCAL-030373;Lomar e Arcos
LOCAL-030374;Merelim (São Paio), Panoias e Parada de Tibães
LOCAL-030375;Merelim (São Pedro) e Frossos
LOCAL-030376;Morreira e Trandeiras
LOCAL-030377;Nogueira, Fraião e Lamaçães
LOCAL-030378;Nogueiró e Tenões
LOCAL-030379;Real, Dume e Semelhe
LOCAL-030380;Santa Lucrécia de Algeriz e Navarra
LOCAL-030381;Vilaça e Fradelos
LOCAL-030400;Cabeceiras de Basto
LOCAL-030401;Abadim
LOCAL-030404;Basto
LOCAL-030405;Bucos
LOCAL-030406;Cabeceiras de Basto
LOCAL-030407;Cavez
LOCAL-030408;Faia
LOCAL-030413;Pedraça
LOCAL-030415;Rio Douro
LOCAL-030418;Alvite e Passos
LOCAL-030419;Arco de Baúlhe e Vila Nune
LOCAL-030420;Gondiães e Vilar de Cunhas
LOCAL-030421;Refojos de Basto, Outeiro e Painzela
LOCAL-030500;Celorico de Basto
LOCAL-030501;Agilde
LOCAL-030502;Arnóia
LOCAL-030503;Borba de Montanha
LOCAL-030508;Codeçoso
LOCAL-030510;Fervença
LOCAL-030515;Moreira do Castelo
LOCAL-030517;Rego
LOCAL-030518;Ribas
LOCAL-030520;Basto (São Clemente)
LOCAL-030521;Vale de Bouro
LOCAL-030523;Britelo, Gémeos e Ourilhe
LOCAL-030524;Caçarilhe e Infesta
LOCAL-030525;Canedo de Basto e Corgo
LOCAL-030526;Carvalho e Basto (Santa Tecla)
LOCAL-030527;Veade, Gagos e Molares
LOCAL-030600;Esposende
LOCAL-030601;Antas
LOCAL-030608;Forjães
LOCAL-030610;Gemeses
LOCAL-030615;Vila Chã
LOCAL-030616;Apúlia e Fão
LOCAL-030617;Belinho e Mar
LOCAL-030618;Esposende, Marinhas e Gandra
LOCAL-030619;Fonte Boa e Rio Tinto
LOCAL-030620;Palmeira de Faro e Curvos
LOCAL-030700;Fafe
LOCAL-030705;Armil
LOCAL-030708;Estorãos
LOCAL-030709;Fafe
LOCAL-030712;Fornelos
LOCAL-030714;Golães
LOCAL-030716;Medelo
LOCAL-030719;Paços
LOCAL-030722;Quinchães
LOCAL-030723;Regadas
LOCAL-030724;Revelhe
LOCAL-030725;Ribeiros
LOCAL-030726;Arões (Santa Cristina)
LOCAL-030728;São Gens
LOCAL-030729;Silvares (São Martinho)
LOCAL-030730;Arões (São Romão)
LOCAL-030733;Travassós
LOCAL-030736;Vinhós
LOCAL-030737;Aboim, Felgueiras, Gontim e Pedraído
LOCAL-030738;Agrela e Serafão
LOCAL-030739;Antime e Silvares (São Clemente)
LOCAL-030740;Ardegão, Arnozela e Seidões
LOCAL-030741;Cepães e Fareja
LOCAL-030742;Freitas e Vila Cova
LOCAL-030743;Monte e Queimadela
LOCAL-030744;Moreira do Rei e Várzea Cova
LOCAL-030800;Guimarães
LOCAL-030801;Aldão
LOCAL-030804;Azurém
LOCAL-030806;Barco
LOCAL-030807;Brito
LOCAL-030808;Caldelas
LOCAL-030812;Costa
LOCAL-030813;Creixomil
LOCAL-030815;Fermentões
LOCAL-030820;Gonça
LOCAL-030821;Gondar
LOCAL-030823;Guardizela
LOCAL-030824;Infantas
LOCAL-030827;Longos
LOCAL-030828;Lordelo
LOCAL-030830;Mesão Frio
LOCAL-030831;Moreira de Cónegos
LOCAL-030832;Nespereira
LOCAL-030835;Pencelo
LOCAL-030836;Pinheiro
LOCAL-030837;Polvoreira
LOCAL-030838;Ponte
LOCAL-030840;Ronfe
LOCAL-030842;Prazins (Santa Eufémia)
LOCAL-030850;Selho (São Cristóvão)
LOCAL-030854;Selho (São Jorge)
LOCAL-030857;Candoso (São Martinho)
LOCAL-030858;Sande (São Martinho)
LOCAL-030865;São Torcato
LOCAL-030866;Serzedelo
LOCAL-030868;Silvares
LOCAL-030871;Urgezes
LOCAL-030875;Abação e Gémeos
LOCAL-030876;Airão Santa Maria, Airão São João e Vermil
LOCAL-030877;Arosa e Castelões
LOCAL-030878;Atães e Rendufe
LOCAL-030879;Briteiros Santo Estêvão e Donim
LOCAL-030880;Briteiros São Salvador e Briteiros Santa Leocádia
LOCAL-030881;Candoso São Tiago e Mascotelos
LOCAL-030882;Conde e Gandarela
LOCAL-030883;Leitões, Oleiros e Figueiredo
LOCAL-030884;Oliveira, São Paio e São Sebastião
LOCAL-030885;Prazins Santo Tirso e Corvite
LOCAL-030886;Sande São Lourenço e Balazar
LOCAL-030887;Sande Vila Nova e Sande São Clemente
LOCAL-030888;Selho São Lourenço e Gominhães
LOCAL-030889;Serzedo e Calvos
LOCAL-030890;Souto Santa Maria, Souto São Salvador e Gondomar
LOCAL-030891;Tabuadelo e São Faustino
LOCAL-030900;Póvoa de Lanhoso
LOCAL-030906;Covelas
LOCAL-030908;Ferreiros
LOCAL-030912;Galegos
LOCAL-030913;Garfe
LOCAL-030914;Geraz do Minho
LOCAL-030915;Lanhoso
LOCAL-030917;Monsul
LOCAL-030919;Póvoa de Lanhoso (Nossa Senhora do Amparo)
LOCAL-030921;Rendufinho
LOCAL-030922;Santo Emilião
LOCAL-030923;São João de Rei
LOCAL-030924;Serzedelo
LOCAL-030925;Sobradelo da Goma
LOCAL-030926;Taíde
LOCAL-030927;Travassos
LOCAL-030929;Vilela
LOCAL-030930;Águas Santas e Moure
LOCAL-030931;Calvos e Frades
LOCAL-030932;Campos e Louredo
LOCAL-030933;Esperança e Brunhais
LOCAL-030934;Fonte Arcada e Oliveira
LOCAL-030935;Verim, Friande e Ajude
LOCAL-031000;Terras de Bouro
LOCAL-031001;Balança
LOCAL-031003;Campo do Gerês
LOCAL-031004;Carvalheira
LOCAL-031008;Covide
LOCAL-031009;Gondoriz
LOCAL-031010;Moimenta
LOCAL-031012;Ribeira
LOCAL-031013;Rio Caldo
LOCAL-031014;Souto
LOCAL-031015;Valdosende
LOCAL-031017;Vilar da Veiga
LOCAL-031018;Chamoim e Vilar
LOCAL-031019;Chorense e Monte
LOCAL-031020;Cibões e Brufe
LOCAL-031100;Vieira do Minho
LOCAL-031105;Cantelães
LOCAL-031107;Eira Vedra
LOCAL-031108;Guilhofrei
LOCAL-031109;Louredo
LOCAL-031110;Mosteiro
LOCAL-031111;Parada de Bouro
LOCAL-031112;Pinheiro
LOCAL-031113;Rossas
LOCAL-031115;Salamonde
LOCAL-031118;Tabuaças
LOCAL-031120;Vieira do Minho
LOCAL-031122;Anissó e Soutelo
LOCAL-031123;Anjos e Vilar do Chão
LOCAL-031124;Caniçada e Soengas
LOCAL-031125;Ruivães e Campos
LOCAL-031126;Ventosa e Cova
LOCAL-031200;Vila Nova de Famalicão
LOCAL-031204;Bairro
LOCAL-031206;Brufe
LOCAL-031210;Castelões
LOCAL-031212;Cruz
LOCAL-031213;Delães
LOCAL-031215;Fradelos
LOCAL-031216;Gavião
LOCAL-031219;Joane
LOCAL-031221;Landim
LOCAL-031223;Louro
LOCAL-031224;Lousado
LOCAL-031225;Mogege
LOCAL-031227;Nine
LOCAL-031230;Pedome
LOCAL-031232;Pousada de Saramagos
LOCAL-031233;Requião
LOCAL-031234;Riba de Ave
LOCAL-031235;Ribeirão
LOCAL-031239;Oliveira (Santa Maria)
LOCAL-031241;Vale (São Martinho)
LOCAL-031242;Oliveira (São Mateus)
LOCAL-031247;Vermoim
LOCAL-031249;Vilarinho das Cambas
LOCAL-031250;Antas e Abade de Vermoim
LOCAL-031251;Arnoso (Santa Maria e Santa Eulália) e Sezures
LOCAL-031252;Avidos e Lagoa
LOCAL-031253;Carreira e Bente
LOCAL-031254;Esmeriz e Cabeçudos
LOCAL-031255;Gondifelos, Cavalões e Outiz
LOCAL-031256;Lemenhe, Mouquim e Jesufrei
LOCAL-031257;Ruivães e Novais
LOCAL-031258;Seide
LOCAL-031259;Vale (São Cosme), Telhado e Portela
LOCAL-031260;Vila Nova de Famalicão e Calendário
LOCAL-031300;Vila Verde
LOCAL-031304;Atiães
LOCAL-031308;Cabanelas
LOCAL-031309;Cervães
LOCAL-031311;Coucieiro
LOCAL-031313;Dossãos
LOCAL-031316;Freiriz
LOCAL-031317;Gême
LOCAL-031323;Lage
LOCAL-031324;Lanhas
LOCAL-031325;Loureira
LOCAL-031328;Moure
LOCAL-031330;Oleiros
LOCAL-031331;Parada de Gatim
LOCAL-031335;Pico
LOCAL-031337;Ponte
LOCAL-031340;Sabariz
LOCAL-031342;Vila de Prado
LOCAL-031350;Prado (São Miguel)
LOCAL-031352;Soutelo
LOCAL-031354;Turiz
LOCAL-031355;Valdreu
LOCAL-031359;Aboim da Nóbrega e Gondomar
LOCAL-031360;Ribeira do Neiva
LOCAL-031361;Carreiras (São Miguel) e Carreiras (Santiago)
LOCAL-031362;Escariz (São Mamede) e Escariz (São Martinho)
LOCAL-031363;Esqueiros, Nevogilde e Travassós
LOCAL-031364;Marrancos e Arcozelo
LOCAL-031365;Oriz (Santa Marinha) e Oriz (São Miguel)
LOCAL-031366;Pico de Regalados, Gondiães e Mós
LOCAL-031367;Sande, Vilarinho, Barros e Gomide
LOCAL-031368;Valbom (São Pedro), Passô e Valbom (São Martinho)
LOCAL-031369;Vade
LOCAL-031370;Vila Verde e Barbudo
LOCAL-031400;Vizela
LOCAL-031401;Santa Eulália
LOCAL-031404;Infias
LOCAL-031406;Vizela (Santo Adrião)
LOCAL-031408;Caldas de Vizela (São Miguel e São João)
LOCAL-031409;Tagilde e Vizela (São Paio)
LOCAL-040000;Bragança
LOCAL-040100;Alfândega da Fé
LOCAL-040102;Alfândega da Fé
LOCAL-040103;Cerejais
LOCAL-040111;Sambade
LOCAL-040118;Vilar Chão
LOCAL-040119;Vilarelhos
LOCAL-040120;Vilares de Vilariça
LOCAL-040121;Agrobom, Saldonha e Vale Pereiro
LOCAL-040122;Eucisia, Gouveia e Valverde
LOCAL-040123;Ferradosa e Sendim da Serra
LOCAL-040124;Gebelim e Soeima
LOCAL-040125;Parada e Sendim da Ribeira
LOCAL-040126;Pombal e Vales
LOCAL-040200;Bragança
LOCAL-040201;Alfaião
LOCAL-040203;Babe
LOCAL-040204;Baçal
LOCAL-040206;Carragosa
LOCAL-040209;Castro de Avelãs
LOCAL-040210;Coelhoso
LOCAL-040212;Donai
LOCAL-040213;Espinhosela
LOCAL-040215;França
LOCAL-040216;Gimonde
LOCAL-040217;Gondesende
LOCAL-040218;Gostei
LOCAL-040219;Grijó de Parada
LOCAL-040221;Macedo do Mato
LOCAL-040224;Mós
LOCAL-040225;Nogueira
LOCAL-040226;Outeiro
LOCAL-040229;Parâmio
LOCAL-040230;Pinela
LOCAL-040232;Quintanilha
LOCAL-040233;Quintela de Lampaças
LOCAL-040234;Rabal
LOCAL-040236;Rebordãos
LOCAL-040239;Salsas
LOCAL-040240;Samil
LOCAL-040241;Santa Comba de Rossas
LOCAL-040244;São Pedro de Sarracenos
LOCAL-040246;Sendas
LOCAL-040247;Serapicos
LOCAL-040248;Sortes
LOCAL-040249;Zoio
LOCAL-040250;Aveleda e Rio de Onor
LOCAL-040251;Castrelos e Carrazedo
LOCAL-040252;Izeda, Calvelhe e Paradinha Nova
LOCAL-040253;Parada e Faílde
LOCAL-040254;Rebordainhos e Pombares
LOCAL-040255;Rio Frio e Milhão
LOCAL-040256;São Julião de Palácios e Deilão
LOCAL-040257;Sé, Santa Maria e Meixedo
LOCAL-040300;Carrazeda de Ansiães
LOCAL-040304;Carrazeda de Ansiães
LOCAL-040306;Fonte Longa
LOCAL-040308;Linhares
LOCAL-040309;Marzagão
LOCAL-040311;Parambos
LOCAL-040312;Pereiros
LOCAL-040313;Pinhal do Norte
LOCAL-040314;Pombal
LOCAL-040316;Seixo de Ansiães
LOCAL-040318;Vilarinho da Castanheira
LOCAL-040320;Amedo e Zedes
LOCAL-040321;Belver e Mogo de Malta
LOCAL-040322;Castanheiro do Norte e Ribalonga
LOCAL-040323;Lavandeira, Beira Grande e Selores
LOCAL-040400;Freixo de Espada à Cinta
LOCAL-040404;Ligares
LOCAL-040406;Poiares
LOCAL-040407;Freixo de Espada à Cinta e Mazouco
LOCAL-040408;Lagoaça e Fornos
LOCAL-040500;Macedo de Cavaleiros
LOCAL-040502;Amendoeira
LOCAL-040503;Arcas
LOCAL-040507;Carrapatas
LOCAL-040509;Chacim
LOCAL-040510;Cortiços
LOCAL-040511;Corujas
LOCAL-040514;Ferreira
LOCAL-040515;Grijó
LOCAL-040516;Lagoa
LOCAL-040517;Lamalonga
LOCAL-040518;Lamas
LOCAL-040519;Lombo
LOCAL-040520;Macedo de Cavaleiros
LOCAL-040521;Morais
LOCAL-040523;Olmos
LOCAL-040524;Peredo
LOCAL-040526;Salselas
LOCAL-040528;Sezulfe
LOCAL-040530;Talhas
LOCAL-040532;Vale Benfeito
LOCAL-040533;Vale da Porca
LOCAL-040534;Vale de Prados
LOCAL-040536;Vilarinho de Agrochão
LOCAL-040538;Vinhas
LOCAL-040539;Ala e Vilarinho do Monte
LOCAL-040540;Bornes e Burga
LOCAL-040541;Castelãos e Vilar do Monte
LOCAL-040542;Espadanedo, Edroso, Murçós e Soutelo Mourisco
LOCAL-040543;Podence e Santa Combinha
LOCAL-040544;Talhinhas e Bagueixe
LOCAL-040600;Miranda do Douro
LOCAL-040604;Duas Igrejas
LOCAL-040605;Genísio
LOCAL-040607;Malhadas
LOCAL-040608;Miranda do Douro
LOCAL-040609;Palaçoulo
LOCAL-040611;Picote
LOCAL-040612;Póvoa
LOCAL-040613;São Martinho de Angueira
LOCAL-040616;Vila Chã de Braciosa
LOCAL-040618;Constantim e Cicouro
LOCAL-040619;Ifanes e Paradela
LOCAL-040620;Sendim e Atenor
LOCAL-040621;Silva e Águas Vivas
LOCAL-040700;Mirandela
LOCAL-040701;Abambres
LOCAL-040702;Abreiro
LOCAL-040703;Aguieiras
LOCAL-040704;Alvites
LOCAL-040708;Bouça
LOCAL-040709;Cabanelas
LOCAL-040710;Caravelas
LOCAL-040711;Carvalhais
LOCAL-040712;Cedães
LOCAL-040713;Cobro
LOCAL-040714;Fradizela
LOCAL-040716;Frechas
LOCAL-040718;Lamas de Orelhão
LOCAL-040720;Mascarenhas
LOCAL-040721;Mirandela
LOCAL-040722;Múrias
LOCAL-040724;Passos
LOCAL-040727;São Pedro Velho
LOCAL-040728;São Salvador
LOCAL-040729;Suçães
LOCAL-040730;Torre de Dona Chama
LOCAL-040731;Vale de Asnes
LOCAL-040732;Vale de Gouvinhas
LOCAL-040733;Vale de Salgueiro
LOCAL-040734;Vale de Telhas
LOCAL-040738;Avantos e Romeu
LOCAL-040739;Avidagos, Navalho e Pereira
LOCAL-040740;Barcel, Marmelos e Valverde da Gestosa
LOCAL-040741;Franco e Vila Boa
LOCAL-040742;Freixeda e Vila Verde
LOCAL-040800;Mogadouro
LOCAL-040801;Azinhoso
LOCAL-040802;Bemposta
LOCAL-040803;Bruçó
LOCAL-040804;Brunhoso
LOCAL-040807;Castelo Branco
LOCAL-040808;Castro Vicente
LOCAL-040809;Meirinhos
LOCAL-040811;Paradela
LOCAL-040812;Penas Roias
LOCAL-040813;Peredo da Bemposta
LOCAL-040815;Saldanha
LOCAL-040817;São Martinho do Peso
LOCAL-040819;Tó
LOCAL-040820;Travanca
LOCAL-040821;Urrós
LOCAL-040822;Vale da Madre
LOCAL-040826;Vila de Ala
LOCAL-040829;Brunhozinho, Castanheira e Sanhoane
LOCAL-040830;Mogadouro, Valverde, Vale de Porco e Vilar de Rei
LOCAL-040831;Remondes e Soutelo
LOCAL-040832;Vilarinho dos Galegos e Ventozelo
LOCAL-040900;Torre de Moncorvo
LOCAL-040901;Açoreira
LOCAL-040903;Cabeça Boa
LOCAL-040905;Carviçais
LOCAL-040906;Castedo
LOCAL-040909;Horta da Vilariça
LOCAL-040910;Larinho
LOCAL-040911;Lousa
LOCAL-040913;Mós
LOCAL-040916;Torre de Moncorvo
LOCAL-040918;Adeganha e Cardanha
LOCAL-040919;Felgar e Souto da Velha
LOCAL-040920;Felgueiras e Maçores
LOCAL-040921;Urros e Peredo dos Castelhanos
LOCAL-041000;Vila Flor
LOCAL-041002;Benlhevai
LOCAL-041005;Freixiel
LOCAL-041009;Roios
LOCAL-041010;Samões
LOCAL-041011;Sampaio
LOCAL-041012;Santa Comba de Vilariça
LOCAL-041013;Seixo de Manhoses
LOCAL-041014;Trindade
LOCAL-041015;Vale Frechoso
LOCAL-041020;Assares e Lodões
LOCAL-041021;Candoso e Carvalho de Egas
LOCAL-041022;Valtorno e Mourão
LOCAL-041023;Vila Flor e Nabo
LOCAL-041024;Vilas Boas e Vilarinho das Azenhas
LOCAL-041100;Vimioso
LOCAL-041103;Argozelo
LOCAL-041107;Carção
LOCAL-041108;Matela
LOCAL-041109;Pinelo
LOCAL-041110;Santulhão
LOCAL-041113;Vilar Seco
LOCAL-041114;Vimioso
LOCAL-041115;Algoso, Campo de Víboras e Uva
LOCAL-041116;Caçarelhos e Angueira
LOCAL-041117;Vale de Frades e Avelanoso
LOCAL-041200;Vinhais
LOCAL-041201;Agrochão
LOCAL-041203;Candedo
LOCAL-041204;Celas
LOCAL-041206;Edral
LOCAL-041207;Edrosa
LOCAL-041208;Ervedosa
LOCAL-041215;Paçó
LOCAL-041216;Penhas Juntas
LOCAL-041219;Rebordelo
LOCAL-041221;Santalha
LOCAL-041226;Tuizelo
LOCAL-041227;Vale das Fontes
LOCAL-041229;Vila Boa de Ousilhão
LOCAL-041230;Vila Verde
LOCAL-041232;Vilar de Ossos
LOCAL-041233;Vilar de Peregrinos
LOCAL-041234;Vilar Seco de Lomba
LOCAL-041235;Vinhais
LOCAL-041236;Curopos e Vale de Janeiro
LOCAL-041237;Moimenta e Montouto
LOCAL-041238;Nunes e Ousilhão
LOCAL-041239;Quirás e Pinheiro Novo
LOCAL-041240;Sobreiro de Baixo e Alvaredos
LOCAL-041241;Soeira, Fresulfe e Mofreita
LOCAL-041242;Travanca e Santa Cruz
LOCAL-041243;Vilar de Lomba e São Jomil
LOCAL-050000;Castelo Branco
LOCAL-050100;Belmonte
LOCAL-050102;Caria
LOCAL-050104;Inguias
LOCAL-050105;Maçainhas
LOCAL-050106;Belmonte e Colmeal da Torre
LOCAL-050200;Castelo Branco
LOCAL-050201;Alcains
LOCAL-050202;Almaceda
LOCAL-050203;Benquerenças
LOCAL-050205;Castelo Branco
LOCAL-050211;Lardosa
LOCAL-050212;Louriçal do Campo
LOCAL-050214;Malpica do Tejo
LOCAL-050216;Monforte da Beira
LOCAL-050220;Salgueiro do Campo
LOCAL-050221;Santo André das Tojeiras
LOCAL-050222;São Vicente da Beira
LOCAL-050223;Sarzedas
LOCAL-050225;Tinalhas
LOCAL-050226;Cebolais de Cima e Retaxo
LOCAL-050227;Escalos de Baixo e Mata
LOCAL-050228;Escalos de Cima e Lousa
LOCAL-050229;Freixial e Juncal do Campo
LOCAL-050230;Ninho do Açor e Sobral do Campo
LOCAL-050231;Póvoa de Rio de Moinhos e Cafede
LOCAL-050300;Covilhã
LOCAL-050302;Aldeia de São Francisco de Assis
LOCAL-050305;Boidobra
LOCAL-050308;Cortes do Meio
LOCAL-050309;Dominguizo
LOCAL-050310;Erada
LOCAL-050311;Ferro
LOCAL-050312;Orjais
LOCAL-050314;Paul
LOCAL-050315;Peraboa
LOCAL-050318;São Jorge da Beira
LOCAL-050322;Sobral de São Miguel
LOCAL-050324;Tortosendo
LOCAL-050325;Unhais da Serra
LOCAL-050327;Verdelhos
LOCAL-050332;Barco e Coutada
LOCAL-050333;Cantar-Galo e Vila do Carvalho
LOCAL-050334;Casegas e Ourondo
LOCAL-050335;Covilhã e Canhoso
LOCAL-050336;Peso e Vales do Rio
LOCAL-050337;Teixoso e Sarzedo
LOCAL-050338;Vale Formoso e Aldeia do Souto
LOCAL-050400;Fundão
LOCAL-050401;Alcaide
LOCAL-050402;Alcaria
LOCAL-050403;Alcongosta
LOCAL-050406;Alpedrinha
LOCAL-050408;Barroca
LOCAL-050410;Bogas de Cima
LOCAL-050411;Capinha
LOCAL-050412;Castelejo
LOCAL-050413;Castelo Novo
LOCAL-050416;Fatela
LOCAL-050419;Lavacolhos
LOCAL-050420;Orca
LOCAL-050421;Pêro Viseu
LOCAL-050424;Silvares
LOCAL-050425;Soalheira
LOCAL-050426;Souto da Casa
LOCAL-050427;Telhado
LOCAL-050431;Enxames
LOCAL-050432;Três Povos
LOCAL-050433;Janeiro de Cima e Bogas de Baixo
LOCAL-050434;Fundão, Valverde, Donas e Aldeias de Joanes e Cabo
LOCAL-050435;Póvoa de Atalaia e Atalaia do Campo
LOCAL-050436;Vale de Prazeres e Mata da Rainha
LOCAL-050500;Idanha-a-Nova
LOCAL-050502;Aldeia de Santa Margarida
LOCAL-050505;Ladoeiro
LOCAL-050506;Medelim
LOCAL-050509;Oledo
LOCAL-050510;Penha Garcia
LOCAL-050511;Proença-a-Velha
LOCAL-050512;Rosmaninhal
LOCAL-050514;São Miguel de Acha
LOCAL-050516;Toulões
LOCAL-050518;Idanha-a-Nova e Alcafozes
LOCAL-050519;Monfortinho e Salvaterra do Extremo
LOCAL-050520;Monsanto e Idanha-a-Velha
LOCAL-050521;Zebreira e Segura
LOCAL-050600;Oleiros
LOCAL-050601;Álvaro
LOCAL-050603;Cambas
LOCAL-050605;Isna
LOCAL-050606;Madeirã
LOCAL-050607;Mosteiro
LOCAL-050609;Orvalho
LOCAL-050610;Sarnadas de São Simão
LOCAL-050611;Sobral
LOCAL-050613;Estreito-Vilar Barroco
LOCAL-050614;Oleiros-Amieira
LOCAL-050700;Penamacor
LOCAL-050704;Aranhas
LOCAL-050706;Benquerença
LOCAL-050707;Meimão
LOCAL-050708;Meimoa
LOCAL-050710;Penamacor
LOCAL-050711;Salvador
LOCAL-050712;Vale da Senhora da Póvoa
LOCAL-050713;Aldeia do Bispo, Águas e Aldeia de João Pires
LOCAL-050714;Pedrógão de São Pedro e Bemposta
LOCAL-050800;Proença-a-Nova
LOCAL-050802;Montes da Senhora
LOCAL-050805;São Pedro do Esteval
LOCAL-050807;Proença-a-Nova e Peral
LOCAL-050808;Sobreira Formosa e Alvito da Beira
LOCAL-050900;Sertã
LOCAL-050901;Cabeçudo
LOCAL-050902;Carvalhal
LOCAL-050903;Castelo
LOCAL-050911;Pedrógão Pequeno
LOCAL-050912;Sertã
LOCAL-050913;Troviscal
LOCAL-050914;Várzea dos Cavaleiros
LOCAL-050915;Cernache do Bonjardim, Nesperal e Palhais
LOCAL-050916;Cumeada e Marmeleiro
LOCAL-050917;Ermida e Figueiredo
LOCAL-051000;Vila de Rei
LOCAL-051001;Fundada
LOCAL-051002;São João do Peso
LOCAL-051003;Vila de Rei
LOCAL-051100;Vila Velha de Ródão
LOCAL-051101;Fratel
LOCAL-051102;Perais
LOCAL-051103;Sarnadas de Ródão
LOCAL-051104;Vila Velha de Ródão
LOCAL-060000;Coimbra
LOCAL-060100;Arganil
LOCAL-060102;Arganil
LOCAL-060104;Benfeita
LOCAL-060105;Celavisa
LOCAL-060109;Folques
LOCAL-060111;Piódão
LOCAL-060112;Pomares
LOCAL-060113;Pombeiro da Beira
LOCAL-060114;São Martinho da Cortiça
LOCAL-060115;Sarzedo
LOCAL-060116;Secarias
LOCAL-060119;Cepos e Teixeira
LOCAL-060120;Cerdeira e Moura da Serra
LOCAL-060121;Côja e Barril de Alva
LOCAL-060122;Vila Cova de Alva e Anseriz
LOCAL-060200;Cantanhede
LOCAL-060201;Ançã
LOCAL-060203;Cadima
LOCAL-060205;Cordinhã
LOCAL-060207;Febres
LOCAL-060208;Murtede
LOCAL-060209;Ourentã
LOCAL-060214;Tocha
LOCAL-060215;São Caetano
LOCAL-060218;Sanguinheira
LOCAL-060220;Cantanhede e Pocariça
LOCAL-060221;Covões e Camarneira
LOCAL-060222;Portunhos e Outil
LOCAL-060223;Sepins e Bolho
LOCAL-060224;Vilamar e Corticeiro de Cima
LOCAL-060300;Coimbra
LOCAL-060301;Almalaguês
LOCAL-060309;Brasfemes
LOCAL-060311;Ceira
LOCAL-060312;Cernache
LOCAL-060318;Santo António dos Olivais
LOCAL-060320;São João do Campo
LOCAL-060324;São Silvestre
LOCAL-060329;Torres do Mondego
LOCAL-060332;Antuzede e Vil de Matos
LOCAL-060333;Assafarge e Antanhol
LOCAL-060334;Sé Nova, Santa Cruz, Almedina e São Bartolomeu
LOCAL-060335;Eiras e São Paulo de Frades
LOCAL-060336;Santa Clara e Castelo Viegas
LOCAL-060337;São Martinho de Árvore e Lamarosa
LOCAL-060338;São Martinho do Bispo e Ribeira de Frades
LOCAL-060339;Souselas e Botão
LOCAL-060340;Taveiro, Ameal e Arzila
LOCAL-060341;Trouxemil e Torre de Vilela
LOCAL-060400;Condeixa-a-Nova
LOCAL-060401;Anobra
LOCAL-060406;Ega
LOCAL-060407;Furadouro
LOCAL-060410;Zambujal
LOCAL-060411;Condeixa-a-Velha e Condeixa-a-Nova
LOCAL-060412;Sebal e Belide
LOCAL-060413;Vila Seca e Bem da Fé
LOCAL-060500;Figueira da Foz
LOCAL-060502;Alqueidão
LOCAL-060507;Maiorca
LOCAL-060508;Marinha das Ondas
LOCAL-060512;Tavarede
LOCAL-060513;Vila Verde
LOCAL-060514;São Pedro
LOCAL-060515;Bom Sucesso
LOCAL-060518;Moinhos da Gândara
LOCAL-060519;Alhadas
LOCAL-060520;Buarcos e São Julião
LOCAL-060521;Ferreira-a-Nova
LOCAL-060522;Lavos
LOCAL-060523;Paião
LOCAL-060524;Quiaios
LOCAL-060600;Góis
LOCAL-060601;Alvares
LOCAL-060604;Góis
LOCAL-060605;Vila Nova do Ceira
LOCAL-060606;Cadafaz e Colmeal
LOCAL-060700;Lousã
LOCAL-060704;Serpins
LOCAL-060706;Gândaras
LOCAL-060707;Foz de Arouce e Casal de Ermio
LOCAL-060708;Lousã e Vilarinho
LOCAL-060800;Mira
LOCAL-060801;Mira
LOCAL-060802;Seixo
LOCAL-060803;Carapelhos
LOCAL-060804;Praia de Mira
LOCAL-060900;Miranda do Corvo
LOCAL-060901;Lamas
LOCAL-060902;Miranda do Corvo
LOCAL-060905;Vila Nova
LOCAL-060906;Semide e Rio Vide
LOCAL-061000;Montemor-o-Velho
LOCAL-061002;Arazede
LOCAL-061003;Carapinheira
LOCAL-061005;Liceia
LOCAL-061006;Meãs do Campo
LOCAL-061008;Pereira
LOCAL-061009;Santo Varão
LOCAL-061010;Seixo de Gatões
LOCAL-061011;Tentúgal
LOCAL-061014;Ereira
LOCAL-061015;Abrunheira, Verride e Vila Nova da Barca
LOCAL-061016;Montemor-o-Velho e Gatões
LOCAL-061100;Oliveira do Hospital
LOCAL-061101;Aldeia das Dez
LOCAL-061102;Alvoco das Várzeas
LOCAL-061103;Avô
LOCAL-061104;Bobadela
LOCAL-061106;Lagares
LOCAL-061109;Lourosa
LOCAL-061110;Meruge
LOCAL-061111;Nogueira do Cravo
LOCAL-061115;São Gião
LOCAL-061118;Seixo da Beira
LOCAL-061119;Travanca de Lagos
LOCAL-061122;Ervedal e Vila Franca da Beira
LOCAL-061123;Lagos da Beira e Lajeosa
LOCAL-061124;Oliveira do Hospital e São Paio de Gramaços
LOCAL-061125;Penalva de Alva e São Sebastião da Feira
LOCAL-061126;Santa Ovaia e Vila Pouca da Beira
LOCAL-061200;Pampilhosa da Serra
LOCAL-061201;Cabril
LOCAL-061202;Dornelas do Zêzere
LOCAL-061204;Janeiro de Baixo
LOCAL-061206;Pampilhosa da Serra
LOCAL-061207;Pessegueiro
LOCAL-061209;Unhais-o-Velho
LOCAL-061211;Fajão-Vidual
LOCAL-061212;Portela do Fojo-Machio
LOCAL-061300;Penacova
LOCAL-061301;Carvalho
LOCAL-061302;Figueira de Lorvão
LOCAL-061304;Lorvão
LOCAL-061307;Penacova
LOCAL-061310;Sazes do Lorvão
LOCAL-061312;Friúmes e Paradela
LOCAL-061313;Oliveira do Mondego e Travanca do Mondego
LOCAL-061314;São Pedro de Alva e São Paio de Mondego
LOCAL-061400;Penela
LOCAL-061401;Cumeeira
LOCAL-061402;Espinhal
LOCAL-061403;Podentes
LOCAL-061407;São Miguel, Santa Eufémia e Rabaçal
LOCAL-061500;Soure
LOCAL-061501;Alfarelos
LOCAL-061504;Figueiró do Campo
LOCAL-061506;Granja do Ulmeiro
LOCAL-061508;Samuel
LOCAL-061509;Soure
LOCAL-061510;Tapéus
LOCAL-061511;Vila Nova de Anços
LOCAL-061512;Vinha da Rainha
LOCAL-061513;Degracias e Pombalinho
LOCAL-061514;Gesteira e Brunhós
LOCAL-061600;Tábua
LOCAL-061602;Candosa
LOCAL-061603;Carapinha
LOCAL-061608;Midões
LOCAL-061609;Mouronho
LOCAL-061611;Póvoa de Midões
LOCAL-061612;São João da Boa Vista
LOCAL-061614;Tábua
LOCAL-061616;Ázere e Covelo
LOCAL-061617;Covas e Vila Nova de Oliveirinha
LOCAL-061618;Espariz e Sinde
LOCAL-061619;Pinheiro de Coja e Meda de Mouros
LOCAL-061700;Vila Nova de Poiares
LOCAL-061701;Arrifana
LOCAL-061702;Lavegadas
LOCAL-061703;Poiares (Santo André)
LOCAL-061704;São Miguel de Poiares
LOCAL-070000;Évora
LOCAL-070100;Alandroal
LOCAL-070103;Santiago Maior
LOCAL-070104;Capelins (Santo António)
LOCAL-070105;Terena (São Pedro)
LOCAL-070107;N.S. Conceição, S.Brás Matos, Juromenha
LOCAL-070200;Arraiolos
LOCAL-070201;Arraiolos
LOCAL-070202;Igrejinha
LOCAL-070206;Vimieiro
LOCAL-070208;Gafanhoeira (São Pedro) e Sabugueiro
LOCAL-070209;São Gregório e Santa Justa
LOCAL-070300;Borba
LOCAL-070301;Borba (Matriz)
LOCAL-070302;Orada
LOCAL-070303;Rio de Moinhos
LOCAL-070304;Borba (São Bartolomeu)
LOCAL-070400;Estremoz
LOCAL-070401;Arcos
LOCAL-070402;Glória
LOCAL-070404;Évora Monte (Santa Maria)
LOCAL-070411;São Domingos de Ana Loura
LOCAL-070413;Veiros
LOCAL-070414;Estremoz (Santa Maria e Santo André)
LOCAL-070415;São Bento do Cortiço e Santo Estêvão
LOCAL-070416;São Lourenço de Mamporcão e São Bento de Ana Loura
LOCAL-070417;Ameixial (Santa Vitória e São Bento)
LOCAL-070500;Évora
LOCAL-070502;Nossa Senhora da Graça do Divor
LOCAL-070503;Nossa Senhora de Machede
LOCAL-070506;São Bento do Mato
LOCAL-070509;São Miguel de Machede
LOCAL-070513;Torre de Coelheiros
LOCAL-070515;Canaviais
LOCAL-070522;Bacelo e Senhora da Saúde
LOCAL-070523;Évora (São Mamede, Sé, São Pedro e Santo Antão)
LOCAL-070524;Malagueira e Horta das Figueiras
LOCAL-070525;N.S. da Tourega e N.S. de Guadalupe
LOCAL-070526;São Manços e São Vicente do Pigeiro
LOCAL-070527;S.Sebastião da Giesteira e N.S. da Boa Fé
LOCAL-070600;Montemor-o-Novo
LOCAL-070601;Cabrela
LOCAL-070605;Santiago do Escoural
LOCAL-070606;São Cristóvão
LOCAL-070607;Ciborro
LOCAL-070610;Foros de Vale de Figueira
LOCAL-070611;Cortiçadas de Lavre e Lavre
LOCAL-070612;N.S. da Vila, N.S. do Bispo e Silveiras
LOCAL-070700;Mora
LOCAL-070701;Brotas
LOCAL-070702;Cabeção
LOCAL-070703;Mora
LOCAL-070704;Pavia
LOCAL-070800;Mourão
LOCAL-070801;Granja
LOCAL-070802;Luz
LOCAL-070803;Mourão
LOCAL-070900;Portel
LOCAL-070903;Monte do Trigo
LOCAL-070905;Portel
LOCAL-070906;Santana
LOCAL-070908;Vera Cruz
LOCAL-070909;Amieira e Alqueva
LOCAL-070910;São Bartolomeu do Outeiro e Oriola
LOCAL-071000;Redondo
LOCAL-071001;Montoito
LOCAL-071002;Redondo
LOCAL-071100;Reguengos de Monsaraz
LOCAL-071102;Corval
LOCAL-071103;Monsaraz
LOCAL-071104;Reguengos de Monsaraz
LOCAL-071106;Campo e Campinho
LOCAL-071200;Vendas Novas
LOCAL-071201;Vendas Novas
LOCAL-071202;Landeira
LOCAL-071300;Viana do Alentejo
LOCAL-071301;Alcáçovas
LOCAL-071302;Viana do Alentejo
LOCAL-071303;Aguiar
LOCAL-071400;Vila Viçosa
LOCAL-071401;Bencatel
LOCAL-071402;Ciladas
LOCAL-071404;Pardais
LOCAL-071406;Nossa Senhora da Conceição e São Bartolomeu
LOCAL-080000;Faro
LOCAL-080100;Albufeira
LOCAL-080102;Guia
LOCAL-080103;Paderne
LOCAL-080104;Ferreiras
LOCAL-080106;Albufeira e Olhos de Água
LOCAL-080200;Alcoutim
LOCAL-080202;Giões
LOCAL-080203;Martim Longo
LOCAL-080205;Vaqueiros
LOCAL-080206;Alcoutim e Pereiro
LOCAL-080300;Aljezur
LOCAL-080301;Aljezur
LOCAL-080302;Bordeira
LOCAL-080303;Odeceixe
LOCAL-080304;Rogil
LOCAL-080400;Castro Marim
LOCAL-080401;Azinhal
LOCAL-080402;Castro Marim
LOCAL-080403;Odeleite
LOCAL-080404;Altura
LOCAL-080500;Faro
LOCAL-080503;Santa Bárbara de Nexe
LOCAL-080506;Montenegro
LOCAL-080507;Conceição e Estoi
LOCAL-080508;Faro (Sé e São Pedro)
LOCAL-080600;Lagoa
LOCAL-080602;Ferragudo
LOCAL-080604;Porches
LOCAL-080607;Estômbar e Parchal
LOCAL-080608;Lagoa e Carvoeiro
LOCAL-080700;Lagos
LOCAL-080703;Luz
LOCAL-080704;Odiáxere
LOCAL-080707;Bensafrim e Barão de São João
LOCAL-080708;São Gonçalo de Lagos
LOCAL-080800;Loulé
LOCAL-080801;Almancil
LOCAL-080802;Alte
LOCAL-080803;Ameixial
LOCAL-080804;Boliqueime
LOCAL-080805;Quarteira
LOCAL-080807;Salir
LOCAL-080808;Loulé (São Clemente)
LOCAL-080809;Loulé (São Sebastião)
LOCAL-080812;Querença, Tôr e Benafim
LOCAL-080900;Monchique
LOCAL-080901;Alferce
LOCAL-080902;Marmelete
LOCAL-080903;Monchique
LOCAL-081000;Olhão
LOCAL-081003;Olhão
LOCAL-081004;Pechão
LOCAL-081005;Quelfes
LOCAL-081006;Moncarapacho e Fuseta
LOCAL-081100;Portimão
LOCAL-081101;Alvor
LOCAL-081102;Mexilhoeira Grande
LOCAL-081103;Portimão
LOCAL-081200;São Brás de Alportel
LOCAL-081201;São Brás de Alportel
LOCAL-081300;Silves
LOCAL-081303;Armação de Pêra
LOCAL-081305;São Bartolomeu de Messines
LOCAL-081306;São Marcos da Serra
LOCAL-081307;Silves
LOCAL-081309;Alcantarilha e Pêra
LOCAL-081310;Algoz e Tunes
LOCAL-081400;Tavira
LOCAL-081401;Cachopo
LOCAL-081404;Santa Catarina da Fonte do Bispo
LOCAL-081408;Santa Luzia
LOCAL-081410;Conceição e Cabanas de Tavira
LOCAL-081411;Luz de Tavira e Santo Estêvão
LOCAL-081412;Tavira (Santa Maria e Santiago)
LOCAL-081500;Vila do Bispo
LOCAL-081501;Barão de São Miguel
LOCAL-081502;Budens
LOCAL-081504;Sagres
LOCAL-081506;Vila do Bispo e Raposeira
LOCAL-081600;Vila Real de Santo António
LOCAL-081601;Vila Nova de Cacela
LOCAL-081602;Vila Real de Santo António
LOCAL-081603;Monte Gordo
LOCAL-090000;Guarda
LOCAL-090100;Aguiar da Beira
LOCAL-090102;Carapito
LOCAL-090103;Cortiçada
LOCAL-090105;Dornelas
LOCAL-090106;Eirado
LOCAL-090107;Forninhos
LOCAL-090109;Pena Verde
LOCAL-090110;Pinheiro
LOCAL-090114;Aguiar da Beira e Coruche
LOCAL-090115;Sequeiros e Gradiz
LOCAL-090116;Souto de Aguiar da Beira e Valverde
LOCAL-090200;Almeida
LOCAL-090203;Almeida
LOCAL-090207;Castelo Bom
LOCAL-090209;Freineda
LOCAL-090210;Freixo
LOCAL-090213;Malhada Sorda
LOCAL-090219;Nave de Haver
LOCAL-090224;São Pedro de Rio Seco
LOCAL-090227;Vale da Mula
LOCAL-090229;Vilar Formoso
LOCAL-090230;Amoreira, Parada e Cabreira
LOCAL-090231;Azinhal, Peva e Valverde
LOCAL-090232;Castelo Mendo, Ade, Monteperobolso e Mesquitela
LOCAL-090233;Junça e Naves
LOCAL-090234;Leomil, Mido, Senouras e Aldeia Nova
LOCAL-090235;Malpartida e Vale de Coelha
LOCAL-090236;Miuzela e Porto de Ovelha
LOCAL-090300;Celorico da Beira
LOCAL-090302;Baraçal
LOCAL-090304;Carrapichana
LOCAL-090306;Forno Telheiro
LOCAL-090307;Lajeosa do Mondego
LOCAL-090308;Linhares
LOCAL-090309;Maçal do Chão
LOCAL-090310;Mesquitela
LOCAL-090311;Minhocal
LOCAL-090312;Prados
LOCAL-090314;Ratoeira
LOCAL-090318;Vale de Azares
LOCAL-090322;Casas do Soeiro
LOCAL-090323;Açores e Velosa
LOCAL-090324;São Pedro e Santa Maria e Vila Boa do Mondego
LOCAL-090325;Cortiçô da Serra, Vide entre Vinhas e Salgueirais
LOCAL-090326;Rapa e Cadafaz
LOCAL-090400;Figueira de Castelo Rodrigo
LOCAL-090403;Castelo Rodrigo
LOCAL-090406;Escalhão
LOCAL-090408;Figueira de Castelo Rodrigo
LOCAL-090410;Mata de Lobos
LOCAL-090415;Vermiosa
LOCAL-090418;Algodres, Vale de Afonsinho e Vilar de Amargo
LOCAL-090419;Almofala e Escarigo
LOCAL-090420;Cinco Vilas e Reigada
LOCAL-090421;Freixeda Torrão, Quintã Pêro Martins, Penha Águia
LOCAL-090422;Colmeal e Vilar Torpim
LOCAL-090500;Fornos de Algodres
LOCAL-090501;Algodres
LOCAL-090502;Casal Vasco
LOCAL-090504;Figueiró da Granja
LOCAL-090505;Fornos de Algodres
LOCAL-090507;Infias
LOCAL-090509;Maceira
LOCAL-090510;Matança
LOCAL-090511;Muxagata
LOCAL-090512;Queiriz
LOCAL-090517;Cortiçô e Vila Chã
LOCAL-090518;Juncais, Vila Ruiva e Vila Soeiro do Chão
LOCAL-090519;Sobral Pichorro e Fuinhas
LOCAL-090600;Gouveia
LOCAL-090602;Arcozelo
LOCAL-090603;Cativelos
LOCAL-090605;Folgosinho
LOCAL-090612;Nespereira
LOCAL-090613;Paços da Serra
LOCAL-090614;Ribamondego
LOCAL-090617;São Paio
LOCAL-090619;Vila Cortês da Serra
LOCAL-090620;Vila Franca da Serra
LOCAL-090621;Vila Nova de Tazem
LOCAL-090623;Aldeias e Mangualde da Serra
LOCAL-090624;Figueiró da Serra e Freixo da Serra
LOCAL-090625;Gouveia
LOCAL-090626;Melo e Nabais
LOCAL-090627;Moimenta da Serra e Vinhó
LOCAL-090628;Rio Torto e Lagarinhos
LOCAL-090700;Guarda
LOCAL-090703;Aldeia do Bispo
LOCAL-090704;Aldeia Viçosa
LOCAL-090705;Alvendre
LOCAL-090706;Arrifana
LOCAL-090708;Avelãs da Ribeira
LOCAL-090709;Benespera
LOCAL-090711;Casal de Cinza
LOCAL-090712;Castanheira
LOCAL-090713;Cavadoude
LOCAL-090714;Codesseiro
LOCAL-090716;Faia
LOCAL-090717;Famalicão
LOCAL-090718;Fernão Joanes
LOCAL-090721;Gonçalo Bocas
LOCAL-090722;João Antão
LOCAL-090723;Maçainhas
LOCAL-090724;Marmeleiro
LOCAL-090725;Meios
LOCAL-090728;Panoias de Cima
LOCAL-090729;Pega
LOCAL-090730;Pêra do Moço
LOCAL-090732;Porto da Carne
LOCAL-090734;Ramela
LOCAL-090738;Santana da Azinha
LOCAL-090744;Sobral da Serra
LOCAL-090746;Vale de Estrela
LOCAL-090747;Valhelhas
LOCAL-090748;Vela
LOCAL-090749;Videmonte
LOCAL-090750;Vila Cortês do Mondego
LOCAL-090751;Vila Fernando
LOCAL-090752;Vila Franca do Deão
LOCAL-090753;Vila Garcia
LOCAL-090757;Gonçalo
LOCAL-090758;Guarda
LOCAL-090759;Jarmelo São Miguel
LOCAL-090760;Jarmelo São Pedro
LOCAL-090761;Avelãs de Ambom e Rocamondo
LOCAL-090762;Corujeira e Trinta
LOCAL-090763;Mizarela, Pêro Soares e Vila Soeiro
LOCAL-090764;Pousade e Albardo
LOCAL-090765;Rochoso e Monte Margarida
LOCAL-090766;Adão
LOCAL-090800;Manteigas
LOCAL-090801;Sameiro
LOCAL-090802;Manteigas (Santa Maria)
LOCAL-090803;Manteigas (São Pedro)
LOCAL-090804;Vale de Amoreira
LOCAL-090900;Mêda
LOCAL-090901;Aveloso
LOCAL-090902;Barreira
LOCAL-090905;Coriscada
LOCAL-090907;Longroiva
LOCAL-090908;Marialva
LOCAL-090912;Poço do Canto
LOCAL-090914;Rabaçal
LOCAL-090915;Ranhados
LOCAL-090917;Mêda, Outeiro de Gatos e Fonte Longa
LOCAL-090918;Prova e Casteição
LOCAL-090919;Vale Flor, Carvalhal e Pai Penela
LOCAL-091000;Pinhel
LOCAL-091009;Ervedosa
LOCAL-091010;Freixedas
LOCAL-091012;Lamegal
LOCAL-091013;Lameiras
LOCAL-091014;Manigoto
LOCAL-091015;Pala
LOCAL-091017;Pinhel
LOCAL-091018;Pínzio
LOCAL-091024;Souro Pires
LOCAL-091027;Vascoveiro
LOCAL-091028;Agregação das freguesias Sul de Pinhel
LOCAL-091029;Alverca da Beira/Bouça Cova
LOCAL-091030;Terras de Massueime
LOCAL-091031;Valbom/Bogalhal
LOCAL-091032;Alto do Palurdo
LOCAL-091033;Vale do Côa
LOCAL-091034;Vale do Massueime
LOCAL-091035;Atalaia e Safurdão
LOCAL-091100;Sabugal
LOCAL-091101;Águas Belas
LOCAL-091102;Aldeia do Bispo
LOCAL-091103;Aldeia da Ponte
LOCAL-091106;Aldeia Velha
LOCAL-091107;Alfaiates
LOCAL-091109;Baraçal
LOCAL-091110;Bendada
LOCAL-091111;Bismula
LOCAL-091112;Casteleiro
LOCAL-091113;Cerdeira
LOCAL-091114;Fóios
LOCAL-091118;Malcata
LOCAL-091120;Nave
LOCAL-091123;Quadrazais
LOCAL-091124;Quintas de São Bartolomeu
LOCAL-091125;Rapoula do Côa
LOCAL-091126;Rebolosa
LOCAL-091127;Rendo
LOCAL-091133;Sortelha
LOCAL-091134;Souto
LOCAL-091136;Vale de Espinho
LOCAL-091138;Vila Boa
LOCAL-091139;Vila do Touro
LOCAL-091141;Aldeia da Ribeira, Vilar Maior e Badamalos
LOCAL-091142;Lajeosa e Forcalhos
LOCAL-091143;Pousafoles do Bispo, Pena Lobo e Lomba
LOCAL-091144;Ruvina, Ruivós e Vale das Éguas
LOCAL-091145;Sabugal e Aldeia de Santo António
LOCAL-091146;Santo Estêvão e Moita
LOCAL-091147;Seixo do Côa e Vale Longo
LOCAL-091200;Seia
LOCAL-091201;Alvoco da Serra
LOCAL-091205;Girabolhos
LOCAL-091207;Loriga
LOCAL-091208;Paranhos
LOCAL-091209;Pinhanços
LOCAL-091210;Sabugueiro
LOCAL-091212;Sandomil
LOCAL-091213;Santa Comba
LOCAL-091216;Santiago
LOCAL-091219;Sazes da Beira
LOCAL-091221;Teixeira
LOCAL-091224;Travancinha
LOCAL-091225;Valezim
LOCAL-091228;Vila Cova à Coelheira
LOCAL-091230;Carragozela e Várzea de Meruge
LOCAL-091231;Sameice e Santa Eulália
LOCAL-091232;Santa Marinha e São Martinho
LOCAL-091233;Seia, São Romão e Lapa dos Dinheiros
LOCAL-091234;Torrozelo e Folhadosa
LOCAL-091235;Tourais e Lajes
LOCAL-091236;Vide e Cabeça
LOCAL-091300;Trancoso
LOCAL-091301;Aldeia Nova
LOCAL-091303;Castanheira
LOCAL-091304;Cogula
LOCAL-091305;Cótimos
LOCAL-091307;Fiães
LOCAL-091309;Granja
LOCAL-091310;Guilheiro
LOCAL-091311;Moimentinha
LOCAL-091312;Moreira de Rei
LOCAL-091313;Palhais
LOCAL-091314;Póvoa do Concelho
LOCAL-091315;Reboleiro
LOCAL-091316;Rio de Mel
LOCAL-091321;Tamanhos
LOCAL-091325;Valdujo
LOCAL-091330;Freches e Torres
LOCAL-091331;Torre do Terrenho, Sebadelhe da Serra e Terrenho
LOCAL-091332;Trancoso (São Pedro e Santa Maria) e Souto Maior
LOCAL-091333;Vale do Seixo e Vila Garcia
LOCAL-091334;Vila Franca das Naves e Feital
LOCAL-091335;Vilares e Carnicães
LOCAL-091400;Vila Nova de Foz Côa
LOCAL-091401;Almendra
LOCAL-091402;Castelo Melhor
LOCAL-091403;Cedovim
LOCAL-091404;Chãs
LOCAL-091405;Custóias
LOCAL-091407;Horta
LOCAL-091410;Muxagata
LOCAL-091411;Numão
LOCAL-091412;Santa Comba
LOCAL-091414;Sebadelhe
LOCAL-091415;Seixas
LOCAL-091416;Touça
LOCAL-091418;Freixo de Numão
LOCAL-091419;Vila Nova de Foz Côa
LOCAL-100000;Leiria
LOCAL-100100;Alcobaça
LOCAL-100102;Alfeizerão
LOCAL-100104;Bárrio
LOCAL-100105;Benedita
LOCAL-100106;Cela
LOCAL-100108;Évora de Alcobaça
LOCAL-100109;Maiorga
LOCAL-100112;São Martinho do Porto
LOCAL-100114;Turquel
LOCAL-100116;Vimeiro
LOCAL-100120;Aljubarrota
LOCAL-100121;Alcobaça e Vestiaria
LOCAL-100122;Coz, Alpedriz e Montes
LOCAL-100123;Pataias e Martingança
LOCAL-100200;Alvaiázere
LOCAL-100201;Almoster
LOCAL-100204;Maçãs de Dona Maria
LOCAL-100205;Pelmá
LOCAL-100208;Alvaiázere
LOCAL-100209;Pussos São Pedro
LOCAL-100300;Ansião
LOCAL-100301;Alvorge
LOCAL-100303;Avelar
LOCAL-100304;Chão de Couce
LOCAL-100306;Pousaflores
LOCAL-100307;Santiago da Guarda
LOCAL-100309;Ansião
LOCAL-100400;Batalha
LOCAL-100401;Batalha
LOCAL-100402;Reguengo do Fetal
LOCAL-100403;São Mamede
LOCAL-100404;Golpilheira
LOCAL-100500;Bombarral
LOCAL-100502;Carvalhal
LOCAL-100503;Roliça
LOCAL-100505;Pó
LOCAL-100506;Bombarral e Vale Covo
LOCAL-100600;Caldas da Rainha
LOCAL-100601;A dos Francos
LOCAL-100602;Alvorninha
LOCAL-100604;Carvalhal Benfeito
LOCAL-100606;Foz do Arelho
LOCAL-100607;Landal
LOCAL-100608;Nadadouro
LOCAL-100609;Salir de Matos
LOCAL-100611;Santa Catarina
LOCAL-100615;Vidais
LOCAL-100617;Nossa Senhora do Pópulo, Coto e São Gregório
LOCAL-100618;Caldas da Rainha - Santo Onofre e Serra do Bouro
LOCAL-100619;Tornada e Salir do Porto
LOCAL-100700;Castanheira de Pêra
LOCAL-100703;Castanheira de Pêra e Coentral
LOCAL-100800;Figueiró dos Vinhos
LOCAL-100801;Aguda
LOCAL-100802;Arega
LOCAL-100803;Campelo
LOCAL-100806;Figueiró dos Vinhos e Bairradas
LOCAL-100900;Leiria
LOCAL-100901;Amor
LOCAL-100902;Arrabal
LOCAL-100907;Caranguejeira
LOCAL-100909;Coimbrão
LOCAL-100913;Maceira
LOCAL-100915;Milagres
LOCAL-100921;Regueira de Pontes
LOCAL-100925;Bajouca
LOCAL-100926;Bidoeira de Cima
LOCAL-100932;Colmeias e Memória
LOCAL-100933;Leiria, Pousos, Barreira e Cortes
LOCAL-100934;Marrazes e Barosa
LOCAL-100935;Monte Real e Carvide
LOCAL-100936;Monte Redondo e Carreira
LOCAL-100937;Parceiros e Azoia
LOCAL-100938;Santa Catarina da Serra e Chainça
LOCAL-100939;Santa Eufémia e Boa Vista
LOCAL-100940;Souto da Carpalhosa e Ortigosa
LOCAL-101000;Marinha Grande
LOCAL-101001;Marinha Grande
LOCAL-101002;Vieira de Leiria
LOCAL-101003;Moita
LOCAL-101100;Nazaré
LOCAL-101101;Famalicão
LOCAL-101102;Nazaré
LOCAL-101103;Valado dos Frades
LOCAL-101200;Óbidos
LOCAL-101201;A dos Negros
LOCAL-101202;Amoreira
LOCAL-101203;Olho Marinho
LOCAL-101207;Vau
LOCAL-101208;Gaeiras
LOCAL-101209;Usseira
LOCAL-101210;Santa Maria, São Pedro e Sobral da Lagoa
LOCAL-101300;Pedrógão Grande
LOCAL-101301;Graça
LOCAL-101302;Pedrógão Grande
LOCAL-101303;Vila Facaia
LOCAL-101400;Peniche
LOCAL-101402;Atouguia da Baleia
LOCAL-101405;Serra d'El-Rei
LOCAL-101406;Ferrel
LOCAL-101407;Peniche
LOCAL-101500;Pombal
LOCAL-101501;Abiul
LOCAL-101503;Almagreira
LOCAL-101504;Carnide
LOCAL-101505;Carriço
LOCAL-101506;Louriçal
LOCAL-101508;Pelariga
LOCAL-101509;Pombal
LOCAL-101510;Redinha
LOCAL-101513;Vermoil
LOCAL-101514;Vila Cã
LOCAL-101515;Meirinhas
LOCAL-101518;Guia, Ilha e Mata Mourisca
LOCAL-101519;Santiago e S.Simão de Litém e Albergaria dos Doze
LOCAL-101600;Porto de Mós
LOCAL-101602;Alqueidão da Serra
LOCAL-101605;Calvaria de Cima
LOCAL-101606;Juncal
LOCAL-101608;Mira de Aire
LOCAL-101609;Pedreiras
LOCAL-101610;São Bento
LOCAL-101613;Serro Ventoso
LOCAL-101614;Porto de Mós - São João Baptista e São Pedro
LOCAL-101615;Alvados e Alcaria
LOCAL-101616;Arrimal e Mendiga
LOCAL-110000;Lisboa
LOCAL-110100;Alenquer
LOCAL-110106;Carnota
LOCAL-110107;Meca
LOCAL-110108;Olhalvo
LOCAL-110109;Ota
LOCAL-110113;Ventosa
LOCAL-110114;Vila Verde dos Francos
LOCAL-110117;Abrigada e Cabanas de Torres
LOCAL-110118;Aldeia Galega da Merceana e Aldeia Gavinha
LOCAL-110119;Alenquer (Santo Estêvão e Triana)
LOCAL-110120;Carregado e Cadafais
LOCAL-110121;Ribafria e Pereiro de Palhacana
LOCAL-110200;Arruda dos Vinhos
LOCAL-110201;Arranhó
LOCAL-110202;Arruda dos Vinhos
LOCAL-110203;Cardosas
LOCAL-110204;São Tiago dos Velhos
LOCAL-110300;Azambuja
LOCAL-110301;Alcoentre
LOCAL-110302;Aveiras de Baixo
LOCAL-110303;Aveiras de Cima
LOCAL-110304;Azambuja
LOCAL-110306;Vale do Paraíso
LOCAL-110307;Vila Nova da Rainha
LOCAL-110310;Manique do Intendente, V.N.de S.Pedro e Maçussa
LOCAL-110400;Cadaval
LOCAL-110401;Alguber
LOCAL-110407;Peral
LOCAL-110409;Vermelha
LOCAL-110410;Vilar
LOCAL-110411;Cadaval e Pêro Moniz
LOCAL-110412;Lamas e Cercal
LOCAL-110413;Painho e Figueiros
LOCAL-110500;Cascais
LOCAL-110501;Alcabideche
LOCAL-110506;São Domingos de Rana
LOCAL-110507;Carcavelos e Parede
LOCAL-110508;Cascais e Estoril
LOCAL-110600;Lisboa
LOCAL-110601;Ajuda
LOCAL-110602;Alcântara
LOCAL-110607;Beato
LOCAL-110608;Benfica
LOCAL-110610;Campolide
LOCAL-110611;Carnide
LOCAL-110618;Lumiar
LOCAL-110621;Marvila
LOCAL-110633;Olivais
LOCAL-110639;São Domingos de Benfica
LOCAL-110654;Alvalade
LOCAL-110655;Areeiro
LOCAL-110656;Arroios
LOCAL-110657;Avenidas Novas
LOCAL-110658;Belém
LOCAL-110659;Campo de Ourique
LOCAL-110660;Estrela
LOCAL-110661;Misericórdia
LOCAL-110662;Parque das Nações
LOCAL-110663;Penha de França
LOCAL-110664;Santa Clara
LOCAL-110665;Santa Maria Maior
LOCAL-110666;Santo António
LOCAL-110667;São Vicente
LOCAL-110700;Loures
LOCAL-110702;Bucelas
LOCAL-110705;Fanhões
LOCAL-110707;Loures
LOCAL-110708;Lousa
LOCAL-110726;Moscavide e Portela
LOCAL-110727;Sacavém e Prior Velho
LOCAL-110728;Santa Iria de Azoia, São João da Talha e Bobadela
LOCAL-110729;Santo Antão e São Julião do Tojal
LOCAL-110730;Santo António dos Cavaleiros e Frielas
LOCAL-110731;Camarate, Unhos e Apelação
LOCAL-110800;Lourinhã
LOCAL-110803;Moita dos Ferreiros
LOCAL-110805;Reguengo Grande
LOCAL-110806;Santa Bárbara
LOCAL-110808;Vimeiro
LOCAL-110810;Ribamar
LOCAL-110812;Lourinhã e Atalaia
LOCAL-110813;Miragaia e Marteleira
LOCAL-110814;São Bartolomeu dos Galegos e Moledo
LOCAL-110900;Mafra
LOCAL-110902;Carvoeira
LOCAL-110904;Encarnação
LOCAL-110906;Ericeira
LOCAL-110909;Mafra
LOCAL-110911;Milharado
LOCAL-110913;Santo Isidoro
LOCAL-110918;Azueira e Sobral da Abelheira
LOCAL-110919;Enxara do Bispo, Gradil e Vila Franca do Rosário
LOCAL-110920;Igreja Nova e Cheleiros
LOCAL-110921;Malveira e São Miguel de Alcainça
LOCAL-110922;Venda do Pinheiro e Santo Estêvão das Galés
LOCAL-111000;Oeiras
LOCAL-111002;Barcarena
LOCAL-111009;Porto Salvo
LOCAL-111012;Algés, Linda-a-Velha e Cruz Quebrada-Dafundo
LOCAL-111013;Carnaxide e Queijas
LOCAL-111014;Oeiras e S.Julião da Barra, Paço de Arcos e Caxias
LOCAL-111100;Sintra
LOCAL-111102;Algueirão-Mem Martins
LOCAL-111105;Colares
LOCAL-111108;Rio de Mouro
LOCAL-111115;Casal de Cambra
LOCAL-111122;Agualva e Mira-Sintra
LOCAL-111123;Almargem do Bispo, Pêro Pinheiro e Montelavar
LOCAL-111124;Cacém e São Marcos
LOCAL-111125;Massamá e Monte Abraão
LOCAL-111126;Queluz e Belas
LOCAL-111127;São João das Lampas e Terrugem
LOCAL-111128;S.Maria, S.Miguel, S.Martinho, S.Pedro Penaferrim
LOCAL-111200;Sobral de Monte Agraço
LOCAL-111201;Santo Quintino
LOCAL-111202;Sapataria
LOCAL-111203;Sobral de Monte Agraço
LOCAL-111300;Torres Vedras
LOCAL-111306;Freiria
LOCAL-111310;Ponte do Rol
LOCAL-111311;Ramalhal
LOCAL-111314;São Pedro da Cadeira
LOCAL-111316;Silveira
LOCAL-111317;Turcifal
LOCAL-111318;Ventosa
LOCAL-111321;A dos Cunhados e Maceira
LOCAL-111322;Campelos e Outeiro da Cabeça
LOCAL-111323;Carvoeira e Carmões
LOCAL-111324;Dois Portos e Runa
LOCAL-111325;Maxial e Monte Redondo
LOCAL-111326;Santa Maria, São Pedro e Matacães
LOCAL-111400;Vila Franca de Xira
LOCAL-111408;Vialonga
LOCAL-111409;Vila Franca de Xira
LOCAL-111412;Alhandra, São João dos Montes e Calhandriz
LOCAL-111413;Alverca do Ribatejo e Sobralinho
LOCAL-111414;Castanheira do Ribatejo e Cachoeiras
LOCAL-111415;Póvoa de Santa Iria e Forte da Casa
LOCAL-111500;Amadora
LOCAL-111512;Alfragide
LOCAL-111513;Águas Livres
LOCAL-111514;Encosta do Sol
LOCAL-111515;Falagueira-Venda Nova
LOCAL-111516;Mina de Água
LOCAL-111517;Venteira
LOCAL-111600;Odivelas
LOCAL-111603;Odivelas
LOCAL-111608;Pontinha e Famões
LOCAL-111609;Póvoa de Santo Adrião e Olival Basto
LOCAL-111610;Ramada e Caneças
LOCAL-120000;Portalegre
LOCAL-120100;Alter do Chão
LOCAL-120101;Alter do Chão
LOCAL-120102;Chancelaria
LOCAL-120103;Seda
LOCAL-120104;Cunheira
LOCAL-120200;Arronches
LOCAL-120201;Assunção
LOCAL-120202;Esperança
LOCAL-120203;Mosteiros
LOCAL-120300;Avis
LOCAL-120302;Aldeia Velha
LOCAL-120303;Avis
LOCAL-120305;Ervedal
LOCAL-120306;Figueira e Barros
LOCAL-120309;Alcórrego e Maranhão
LOCAL-120310;Benavila e Valongo
LOCAL-120400;Campo Maior
LOCAL-120401;Nossa Senhora da Expectação
LOCAL-120402;Nossa Senhora da Graça dos Degolados
LOCAL-120403;São João Baptista
LOCAL-120500;Castelo de Vide
LOCAL-120501;Nossa Senhora da Graça de Póvoa e Meadas
LOCAL-120502;Santa Maria da Devesa
LOCAL-120503;Santiago Maior
LOCAL-120504;São João Baptista
LOCAL-120600;Crato
LOCAL-120601;Aldeia da Mata
LOCAL-120604;Gáfete
LOCAL-120605;Monte da Pedra
LOCAL-120607;Crato e Mártires, Flor da Rosa e Vale do Peso
LOCAL-120700;Elvas
LOCAL-120706;Santa Eulália
LOCAL-120707;São Brás e São Lourenço
LOCAL-120708;São Vicente e Ventosa
LOCAL-120712;Assunção, Ajuda, Salvador e Santo Ildefonso
LOCAL-120713;Caia, São Pedro e Alcáçova
LOCAL-120714;Barbacena e Vila Fernando
LOCAL-120715;Terrugem e Vila Boim
LOCAL-120800;Fronteira
LOCAL-120801;Cabeço de Vide
LOCAL-120802;Fronteira
LOCAL-120803;São Saturnino
LOCAL-120900;Gavião
LOCAL-120902;Belver
LOCAL-120903;Comenda
LOCAL-120905;Margem
LOCAL-120906;Gavião e Atalaia
LOCAL-121000;Marvão
LOCAL-121001;Beirã
LOCAL-121002;Santa Maria de Marvão
LOCAL-121003;Santo António das Areias
LOCAL-121004;São Salvador da Aramenha
LOCAL-121100;Monforte
LOCAL-121101;Assumar
LOCAL-121102;Monforte
LOCAL-121103;Santo Aleixo
LOCAL-121104;Vaiamonte
LOCAL-121200;Nisa
LOCAL-121201;Alpalhão
LOCAL-121205;Montalvão
LOCAL-121207;Santana
LOCAL-121208;São Matias
LOCAL-121210;Tolosa
LOCAL-121211;Arez e Amieira do Tejo
LOCAL-121212;Espírito Santo, Nossa Senhora da Graça e São Simão
LOCAL-121300;Ponte de Sor
LOCAL-121301;Galveias
LOCAL-121302;Montargil
LOCAL-121304;Foros de Arrão
LOCAL-121305;Longomel
LOCAL-121308;Ponte de Sor, Tramaga e Vale de Açor
LOCAL-121400;Portalegre
LOCAL-121401;Alagoa
LOCAL-121402;Alegrete
LOCAL-121404;Fortios
LOCAL-121410;Urra
LOCAL-121411;Sé e São Lourenço
LOCAL-121412;Reguengo e São Julião
LOCAL-121413;Ribeira de Nisa e Carreiras
LOCAL-121500;Sousel
LOCAL-121501;Cano
LOCAL-121502;Casa Branca
LOCAL-121503;Santo Amaro
LOCAL-121504;Sousel
LOCAL-130000;Porto
LOCAL-130100;Amarante
LOCAL-130103;Ansiães
LOCAL-130107;Candemil
LOCAL-130112;Fregim
LOCAL-130115;Fridão
LOCAL-130117;Gondar
LOCAL-130118;Jazente
LOCAL-130119;Lomba
LOCAL-130120;Louredo
LOCAL-130121;Lufrei
LOCAL-130123;Mancelos
LOCAL-130126;Padronelo
LOCAL-130128;Rebordelo
LOCAL-130129;Salvador do Monte
LOCAL-130134;Gouveia (São Simão)
LOCAL-130135;Telões
LOCAL-130136;Travanca
LOCAL-130138;Vila Caiz
LOCAL-130139;Vila Chã do Marão
LOCAL-130141;Aboadela, Sanche e Várzea
LOCAL-130142;Amarante (São Gonçalo), Madalena, Cepelos e Gatão
LOCAL-130143;Bustelo, Carneiro e Carvalho de Rei
LOCAL-130144;Figueiró (Santiago e Santa Cristina)
LOCAL-130145;Freixo de Cima e de Baixo
LOCAL-130146;Olo e Canadelo
LOCAL-130147;Vila Meã
LOCAL-130148;Vila Garcia, Aboim e Chapa
LOCAL-130200;Baião
LOCAL-130204;Frende
LOCAL-130205;Gestaçô
LOCAL-130206;Gove
LOCAL-130207;Grilo
LOCAL-130208;Loivos do Monte
LOCAL-130215;Santa Marinha do Zêzere
LOCAL-130219;Valadares
LOCAL-130220;Viariz
LOCAL-130221;Ancede e Ribadouro
LOCAL-130222;Baião (Santa Leocádia) e Mesquinhata
LOCAL-130223;Campelo e Ovil
LOCAL-130224;Loivos da Ribeira e Tresouras
LOCAL-130225;Santa Cruz do Douro e São Tomé de Covelas
LOCAL-130226;Teixeira e Teixeiró
LOCAL-130300;Felgueiras
LOCAL-130301;Aião
LOCAL-130302;Airães
LOCAL-130305;Friande
LOCAL-130306;Idães
LOCAL-130307;Jugueiros
LOCAL-130313;Penacova
LOCAL-130314;Pinheiro
LOCAL-130315;Pombeiro de Ribavizela
LOCAL-130317;Refontoura
LOCAL-130318;Regilde
LOCAL-130319;Revinhade
LOCAL-130324;Sendim
LOCAL-130334;Macieira da Lixa e Caramos
LOCAL-130335;Margaride, Várzea, Lagares, Varziela e Moure
LOCAL-130336;Pedreira, Rande e Sernande
LOCAL-130337;Torrados e Sousa
LOCAL-130338;Unhão e Lordelo
LOCAL-130339;Vila Cova da Lixa e Borba de Godim
LOCAL-130340;Vila Fria e Vizela (São Jorge)
LOCAL-130341;Vila Verde e Santão
LOCAL-130400;Gondomar
LOCAL-130405;Lomba
LOCAL-130408;Rio Tinto
LOCAL-130412;Baguim do Monte (Rio Tinto)
LOCAL-130413;Fânzeres e São Pedro da Cova
LOCAL-130414;Foz do Sousa e Covelo
LOCAL-130415;Gondomar (São Cosme), Valbom e Jovim
LOCAL-130416;Melres e Medas
LOCAL-130500;Lousada
LOCAL-130502;Aveleda
LOCAL-130504;Caíde de Rei
LOCAL-130510;Lodares
LOCAL-130512;Macieira
LOCAL-130513;Meinedo
LOCAL-130515;Nevogilde
LOCAL-130524;Sousela
LOCAL-130525;Torno
LOCAL-130526;Vilar do Torno e Alentém
LOCAL-130527;Cernadelo e Lousada (São Miguel e Santa Margarida)
LOCAL-130528;Cristelos, Boim e Ordem
LOCAL-130529;Figueiras e Covas
LOCAL-130530;Lustosa e Barrosas (Santo Estêvão)
LOCAL-130531;Nespereira e Casais
LOCAL-130532;Silvares, Pias, Nogueira e Alvarenga
LOCAL-130600;Maia
LOCAL-130601;Águas Santas
LOCAL-130603;Folgosa
LOCAL-130608;Milheirós
LOCAL-130609;Moreira
LOCAL-130613;São Pedro Fins
LOCAL-130616;Vila Nova da Telha
LOCAL-130617;Pedrouços
LOCAL-130618;Castêlo da Maia
LOCAL-130619;Cidade da Maia
LOCAL-130620;Nogueira e Silva Escura
LOCAL-130700;Marco de Canaveses
LOCAL-130704;Banho e Carvalhosa
LOCAL-130705;Constance
LOCAL-130722;Soalhães
LOCAL-130723;Sobretâmega
LOCAL-130724;Tabuado
LOCAL-130730;Vila Boa do Bispo
LOCAL-130732;Alpendorada, Várzea e Torrão
LOCAL-130733;Avessadas e Rosém
LOCAL-130734;Bem Viver
LOCAL-130735;Santo Isidoro e Livração
LOCAL-130736;Marco
LOCAL-130737;Paredes de Viadores e Manhuncelos
LOCAL-130738;Penha Longa e Paços de Gaiolo
LOCAL-130739;Sande e São Lourenço do Douro
LOCAL-130740;Várzea, Aliviada e Folhada
LOCAL-130741;Vila Boa de Quires e Maureles
LOCAL-130800;Matosinhos
LOCAL-130811;Custóias, Leça do Balio e Guifões
LOCAL-130812;Matosinhos e Leça da Palmeira
LOCAL-130813;Perafita, Lavra e Santa Cruz do Bispo
LOCAL-130814;São Mamede de Infesta e Senhora da Hora
LOCAL-130900;Paços de Ferreira
LOCAL-130902;Carvalhosa
LOCAL-130904;Eiriz
LOCAL-130905;Ferreira
LOCAL-130906;Figueiró
LOCAL-130908;Freamunde
LOCAL-130910;Meixomil
LOCAL-130913;Penamaior
LOCAL-130914;Raimonda
LOCAL-130916;Seroa
LOCAL-130917;Frazão Arreigada
LOCAL-130918;Paços de Ferreira
LOCAL-130919;Sanfins Lamoso Codessos
LOCAL-131000;Paredes
LOCAL-131001;Aguiar de Sousa
LOCAL-131002;Astromil
LOCAL-131003;Baltar
LOCAL-131004;Beire
LOCAL-131008;Cete
LOCAL-131009;Cristelo
LOCAL-131010;Duas Igrejas
LOCAL-131011;Gandra
LOCAL-131013;Lordelo
LOCAL-131014;Louredo
LOCAL-131017;Parada de Todeia
LOCAL-131018;Rebordosa
LOCAL-131019;Recarei
LOCAL-131020;Sobreira
LOCAL-131021;Sobrosa
LOCAL-131022;Vandoma
LOCAL-131024;Vilela
LOCAL-131025;Paredes
LOCAL-131100;Penafiel
LOCAL-131101;Abragão
LOCAL-131102;Boelhe
LOCAL-131103;Bustelo
LOCAL-131104;Cabeça Santa
LOCAL-131105;Canelas
LOCAL-131106;Capela
LOCAL-131107;Castelões
LOCAL-131108;Croca
LOCAL-131109;Duas Igrejas
LOCAL-131110;Eja
LOCAL-131112;Fonte Arcada
LOCAL-131113;Galegos
LOCAL-131115;Irivo
LOCAL-131121;Oldrões
LOCAL-131122;Paço de Sousa
LOCAL-131125;Perozelo
LOCAL-131128;Rans
LOCAL-131129;Rio de Moinhos
LOCAL-131132;Recezinhos (São Mamede)
LOCAL-131133;Recezinhos (São Martinho)
LOCAL-131134;Sebolido
LOCAL-131136;Valpedre
LOCAL-131138;Rio Mau
LOCAL-131139;Penafiel
LOCAL-131140;Luzim e Vila Cova
LOCAL-131141;Guilhufe e Urrô
LOCAL-131142;Lagares e Figueira
LOCAL-131143;Termas de São Vicente
LOCAL-131200;Porto
LOCAL-131202;Bonfim
LOCAL-131203;Campanhã
LOCAL-131210;Paranhos
LOCAL-131211;Ramalde
LOCAL-131216;Aldoar, Foz do Douro e Nevogilde
LOCAL-131217;Cedofeita,Ildefonso,Sé,Miragaia,Nicolau,Vitória
LOCAL-131218;Lordelo do Ouro e Massarelos
LOCAL-131300;Póvoa de Varzim
LOCAL-131305;Balazar
LOCAL-131307;Estela
LOCAL-131308;Laundos
LOCAL-131311;Rates
LOCAL-131313;Aver-o-Mar, Amorim e Terroso
LOCAL-131314;Aguçadoura e Navais
LOCAL-131315;Póvoa de Varzim, Beiriz e Argivai
LOCAL-131400;Santo Tirso
LOCAL-131401;Agrela
LOCAL-131402;Água Longa
LOCAL-131405;Aves
LOCAL-131413;Monte Córdova
LOCAL-131416;Rebordões
LOCAL-131418;Reguenga
LOCAL-131419;Roriz
LOCAL-131430;Negrelos (São Tomé)
LOCAL-131432;Vilarinho
LOCAL-131433;Areias, Sequeiró, Lama e Palmeira
LOCAL-131434;Vila Nova do Campo
LOCAL-131435;Carreira e Refojos de Riba de Ave
LOCAL-131436;Lamelas e Guimarei
LOCAL-131437;St.Tirso, Couto (S.Cristina e S.Miguel) e Burgães
LOCAL-131500;Valongo
LOCAL-131501;Alfena
LOCAL-131503;Ermesinde
LOCAL-131505;Valongo
LOCAL-131506;Campo e Sobrado
LOCAL-131600;Vila do Conde
LOCAL-131602;Árvore
LOCAL-131603;Aveleda
LOCAL-131604;Azurara
LOCAL-131607;Fajozes
LOCAL-131610;Gião
LOCAL-131611;Guilhabreu
LOCAL-131612;Junqueira
LOCAL-131613;Labruge
LOCAL-131614;Macieira da Maia
LOCAL-131616;Mindelo
LOCAL-131617;Modivas
LOCAL-131627;Vila Chã
LOCAL-131628;Vila do Conde
LOCAL-131630;Vilar de Pinheiro
LOCAL-131631;Bagunte, Ferreiró, Outeiro Maior e Parada
LOCAL-131632;Fornelo e Vairão
LOCAL-131633;Malta e Canidelo
LOCAL-131634;Retorta e Tougues
LOCAL-131635;Rio Mau e Arcos
LOCAL-131636;Touguinha e Touguinhó
LOCAL-131637;Vilar e Mosteiró
LOCAL-131700;Vila Nova de Gaia
LOCAL-131701;Arcozelo
LOCAL-131702;Avintes
LOCAL-131703;Canelas
LOCAL-131704;Canidelo
LOCAL-131709;Madalena
LOCAL-131712;Oliveira do Douro
LOCAL-131717;São Félix da Marinha
LOCAL-131723;Vilar de Andorinho
LOCAL-131725;Grijó e Sermonde
LOCAL-131726;Gulpilhares e Valadares
LOCAL-131727;Mafamude e Vilar do Paraíso
LOCAL-131728;Pedroso e Seixezelo
LOCAL-131729;Sandim, Olival, Lever e Crestuma
LOCAL-131730;Santa Marinha e São Pedro da Afurada
LOCAL-131731;Serzedo e Perosinho
LOCAL-131800;Trofa
LOCAL-131806;Covelas
LOCAL-131808;Muro
LOCAL-131809;Alvarelhos e Guidões
LOCAL-131810;Bougado (São Martinho e Santiago)
LOCAL-131811;Coronado (São Romão e São Mamede)
LOCAL-140000;Santarém
LOCAL-140100;Abrantes
LOCAL-140104;Bemposta
LOCAL-140105;Martinchel
LOCAL-140106;Mouriscas
LOCAL-140107;Pego
LOCAL-140108;Rio de Moinhos
LOCAL-140115;Tramagal
LOCAL-140118;Fontes
LOCAL-140119;Carvalhal
LOCAL-140120;Abrantes (São Vicente e São João) e Alferrarede
LOCAL-140121;Aldeia do Mato e Souto
LOCAL-140122;Alvega e Concavada
LOCAL-140123;São Facundo e Vale das Mós
LOCAL-140124;São Miguel do Rio Torto e Rossio ao Sul do Tejo
LOCAL-140200;Alcanena
LOCAL-140202;Bugalhos
LOCAL-140206;Minde
LOCAL-140207;Moitas Venda
LOCAL-140208;Monsanto
LOCAL-140209;Serra de Santo António
LOCAL-140211;Alcanena e Vila Moreira
LOCAL-140212;Malhou, Louriceira e Espinheiro
LOCAL-140300;Almeirim
LOCAL-140301;Almeirim
LOCAL-140302;Benfica do Ribatejo
LOCAL-140303;Fazendas de Almeirim
LOCAL-140304;Raposa
LOCAL-140400;Alpiarça
LOCAL-140401;Alpiarça
LOCAL-140500;Benavente
LOCAL-140501;Benavente
LOCAL-140502;Samora Correia
LOCAL-140503;Santo Estêvão
LOCAL-140504;Barrosa
LOCAL-140600;Cartaxo
LOCAL-140604;Pontével
LOCAL-140605;Valada
LOCAL-140607;Vila Chã de Ourique
LOCAL-140608;Vale da Pedra
LOCAL-140609;Cartaxo e Vale da Pinta
LOCAL-140610;Ereira e Lapa
LOCAL-140700;Chamusca
LOCAL-140704;Ulme
LOCAL-140705;Vale de Cavalos
LOCAL-140707;Carregueira
LOCAL-140708;Chamusca e Pinheiro Grande
LOCAL-140709;Parreira e Chouto
LOCAL-140800;Constância
LOCAL-140801;Constância
LOCAL-140802;Montalvo
LOCAL-140803;Santa Margarida da Coutada
LOCAL-140900;Coruche
LOCAL-140902;Couço
LOCAL-140903;São José da Lamarosa
LOCAL-140905;Branca
LOCAL-140907;Biscainho
LOCAL-140908;Santana do Mato
LOCAL-140909;Coruche, Fajarda e Erra
LOCAL-141000;Entroncamento
LOCAL-141001;São João Baptista
LOCAL-141002;Nossa Senhora de Fátima
LOCAL-141100;Ferreira do Zêzere
LOCAL-141101;Águas Belas
LOCAL-141103;Beco
LOCAL-141104;Chãos
LOCAL-141106;Ferreira do Zêzere
LOCAL-141107;Igreja Nova do Sobral
LOCAL-141110;Nossa Senhora do Pranto
LOCAL-141111;Areias e Pias
LOCAL-141200;Golegã
LOCAL-141201;Azinhaga
LOCAL-141202;Golegã
LOCAL-141203;Pombalinho
LOCAL-141300;Mação
LOCAL-141302;Amêndoa
LOCAL-141303;Cardigos
LOCAL-141304;Carvoeiro
LOCAL-141305;Envendos
LOCAL-141307;Ortiga
LOCAL-141309;Mação, Penhascoso e Aboboreira
LOCAL-141400;Rio Maior
LOCAL-141401;Alcobertas
LOCAL-141402;Arrouquelas
LOCAL-141405;Fráguas
LOCAL-141408;Rio Maior
LOCAL-141410;Asseiceira
LOCAL-141411;São Sebastião
LOCAL-141415;Azambujeira e Malaqueijo
LOCAL-141416;Marmeleira e Assentiz
LOCAL-141417;Outeiro da Cortiçada e Arruda dos Pisões
LOCAL-141418;São João da Ribeira e Ribeira de São João
LOCAL-141500;Salvaterra de Magos
LOCAL-141502;Marinhais
LOCAL-141503;Muge
LOCAL-141507;Glória do Ribatejo e Granho
LOCAL-141508;Salvaterra de Magos e Foros de Salvaterra
LOCAL-141600;Santarém
LOCAL-141601;Abitureiras
LOCAL-141602;Abrã
LOCAL-141604;Alcanede
LOCAL-141605;Alcanhões
LOCAL-141606;Almoster
LOCAL-141607;Amiais de Baixo
LOCAL-141608;Arneiro das Milhariças
LOCAL-141613;Moçarria
LOCAL-141614;Pernes
LOCAL-141616;Póvoa da Isenta
LOCAL-141625;Vale de Santarém
LOCAL-141628;Gançaria
LOCAL-141629;Achete, Azoia de Baixo e Póvoa de Santarém
LOCAL-141630;Azoia de Cima e Tremês
LOCAL-141631;Casével e Vaqueiros
LOCAL-141632;Romeira e Várzea
LOCAL-141633;Cidade de Santarém
LOCAL-141634;São Vicente do Paul e Vale de Figueira
LOCAL-141700;Sardoal
LOCAL-141701;Alcaravela
LOCAL-141702;Santiago de Montalegre
LOCAL-141703;Sardoal
LOCAL-141704;Valhascos
LOCAL-141800;Tomar
LOCAL-141802;Asseiceira
LOCAL-141804;Carregueiros
LOCAL-141808;Olalhas
LOCAL-141809;Paialvo
LOCAL-141813;São Pedro de Tomar
LOCAL-141814;Sabacheira
LOCAL-141817;Além da Ribeira e Pedreira
LOCAL-141818;Casais e Alviobeira
LOCAL-141819;Madalena e Beselga
LOCAL-141820;Serra e Junceira
LOCAL-141821;São João Baptista e Santa Maria dos Olivais
LOCAL-141900;Torres Novas
LOCAL-141902;Assentiz
LOCAL-141904;Chancelaria
LOCAL-141909;Pedrógão
LOCAL-141910;Riachos
LOCAL-141916;Zibreira
LOCAL-141917;Meia Via
LOCAL-141918;Brogueira, Parceiros de Igreja e Alcorochel
LOCAL-141919;Olaia e Paço
LOCAL-141920;Torres Novas (Santa Maria, Salvador e Santiago)
LOCAL-141921;Torres Novas (São Pedro), Lapas e Ribeira Branca
LOCAL-142000;Vila Nova da Barquinha
LOCAL-142001;Atalaia
LOCAL-142002;Praia do Ribatejo
LOCAL-142003;Tancos
LOCAL-142006;Vila Nova da Barquinha
LOCAL-142100;Ourém
LOCAL-142101;Alburitel
LOCAL-142102;Atouguia
LOCAL-142104;Caxarias
LOCAL-142105;Espite
LOCAL-142106;Fátima
LOCAL-142111;Nossa Senhora das Misericórdias
LOCAL-142113;Seiça
LOCAL-142114;Urqueira
LOCAL-142115;Nossa Senhora da Piedade
LOCAL-142119;Freixianda, Ribeira do Fárrio e Formigais
LOCAL-142120;Gondemaria e Olival
LOCAL-142121;Matas e Cercal
LOCAL-142122;Rio de Couros e Casal dos Bernardos
LOCAL-150000;Setúbal
LOCAL-150100;Alcácer do Sal
LOCAL-150104;Torrão
LOCAL-150105;São Martinho
LOCAL-150106;Comporta
LOCAL-150107;Santa Maria do Castelo e Santiago e Santa Susana
LOCAL-150200;Alcochete
LOCAL-150201;Alcochete
LOCAL-150202;Samouco
LOCAL-150203;São Francisco
LOCAL-150300;Almada
LOCAL-150303;Costa da Caparica
LOCAL-150312;Almada, Cova da Piedade, Pragal e Cacilhas
LOCAL-150313;Caparica e Trafaria
LOCAL-150314;Charneca de Caparica e Sobreda
LOCAL-150315;Laranjeiro e Feijó
LOCAL-150400;Barreiro
LOCAL-150407;Santo António da Charneca
LOCAL-150409;Alto do Seixalinho, Santo André e Verderena
LOCAL-150410;Barreiro e Lavradio
LOCAL-150411;Palhais e Coina
LOCAL-150500;Grândola
LOCAL-150501;Azinheira dos Barros e São Mamede do Sádão
LOCAL-150503;Melides
LOCAL-150505;Carvalhal
LOCAL-150506;Grândola e Santa Margarida da Serra
LOCAL-150600;Moita
LOCAL-150601;Alhos Vedros
LOCAL-150603;Moita
LOCAL-150607;Baixa da Banheira e Vale da Amoreira
LOCAL-150608;Gaio-Rosário e Sarilhos Pequenos
LOCAL-150700;Montijo
LOCAL-150701;Canha
LOCAL-150704;Sarilhos Grandes
LOCAL-150709;Atalaia e Alto Estanqueiro-Jardia
LOCAL-150710;Montijo e Afonsoeiro
LOCAL-150711;Pegões
LOCAL-150800;Palmela
LOCAL-150802;Palmela
LOCAL-150803;Pinhal Novo
LOCAL-150804;Quinta do Anjo
LOCAL-150806;Poceirão e Marateca
LOCAL-150900;Santiago do Cacém
LOCAL-150901;Abela
LOCAL-150902;Alvalade
LOCAL-150903;Cercal
LOCAL-150904;Ermidas-Sado
LOCAL-150907;Santo André
LOCAL-150910;São Francisco da Serra
LOCAL-150912;Santiago do Cacém, S.Cruz e S.Bartolomeu da Serra
LOCAL-150913;São Domingos e Vale de Água
LOCAL-151000;Seixal
LOCAL-151002;Amora
LOCAL-151005;Corroios
LOCAL-151006;Fernão Ferro
LOCAL-151007;Seixal, Arrentela e Aldeia de Paio Pires
LOCAL-151100;Sesimbra
LOCAL-151101;Sesimbra (Castelo)
LOCAL-151102;Sesimbra (Santiago)
LOCAL-151103;Quinta do Conde
LOCAL-151200;Setúbal
LOCAL-151205;Setúbal (São Sebastião)
LOCAL-151207;Gâmbia-Pontes-Alto da Guerra
LOCAL-151208;Sado
LOCAL-151209;Azeitão (São Lourenço e São Simão)
LOCAL-151210;S.Julião, N.S. da Anunciada e S.Maria da Graça
LOCAL-151300;Sines
LOCAL-151301;Sines
LOCAL-151302;Porto Covo
LOCAL-160000;Viana do Castelo
LOCAL-160100;Arcos de Valdevez
LOCAL-160101;Aboim das Choças
LOCAL-160102;Aguiã
LOCAL-160104;Ázere
LOCAL-160105;Cabana Maior
LOCAL-160106;Cabreiro
LOCAL-160108;Cendufe
LOCAL-160109;Couto
LOCAL-160113;Gavieira
LOCAL-160115;Gondoriz
LOCAL-160121;Miranda
LOCAL-160122;Monte Redondo
LOCAL-160123;Oliveira
LOCAL-160124;Paçô
LOCAL-160125;Padroso
LOCAL-160128;Prozelo
LOCAL-160130;Rio Frio
LOCAL-160131;Rio de Moinhos
LOCAL-160133;Sabadim
LOCAL-160142;Jolda (São Paio)
LOCAL-160144;Senharei
LOCAL-160145;Sistelo
LOCAL-160146;Soajo
LOCAL-160149;Vale
LOCAL-160152;Alvora e Loureda
LOCAL-160153;Arcos de Valdevez (São Paio) e Giela
LOCAL-160154;Arcos de Valdevez (Salvador), Vila Fonche e Parada
LOCAL-160155;Eiras e Mei
LOCAL-160156;Grade e Carralcova
LOCAL-160157;Guilhadeses e Santar
LOCAL-160158;Jolda (Madalena) e Rio Cabrão
LOCAL-160159;Padreiro (Salvador e Santa Cristina)
LOCAL-160160;Portela e Extremo
LOCAL-160161;São Jorge e Ermelo
LOCAL-160162;Souto e Tabaçô
LOCAL-160163;Távora (Santa Maria e São Vicente)
LOCAL-160164;Vilela, São Cosme e São Damião e Sá
LOCAL-160200;Caminha
LOCAL-160201;Âncora
LOCAL-160205;Argela
LOCAL-160209;Dem
LOCAL-160211;Lanhelas
LOCAL-160214;Riba de Âncora
LOCAL-160215;Seixas
LOCAL-160217;Vila Praia de Âncora
LOCAL-160218;Vilar de Mouros
LOCAL-160220;Vile
LOCAL-160221;Arga (Baixo, Cima e São João)
LOCAL-160222;Caminha (Matriz) e Vilarelho
LOCAL-160223;Gondar e Orbacém
LOCAL-160224;Moledo e Cristelo
LOCAL-160225;Venade e Azevedo
LOCAL-160300;Melgaço
LOCAL-160301;Alvaredo
LOCAL-160304;Cousso
LOCAL-160305;Cristoval
LOCAL-160307;Fiães
LOCAL-160308;Gave
LOCAL-160311;Paderne
LOCAL-160313;Penso
LOCAL-160317;São Paio
LOCAL-160319;Castro Laboreiro e Lamas de Mouro
LOCAL-160320;Chaviães e Paços
LOCAL-160321;Parada do Monte e Cubalhão
LOCAL-160322;Prado e Remoães
LOCAL-160323;Vila e Roussas
LOCAL-160400;Monção
LOCAL-160401;Abedim
LOCAL-160404;Barbeita
LOCAL-160405;Barroças e Taias
LOCAL-160406;Bela
LOCAL-160407;Cambeses
LOCAL-160410;Lara
LOCAL-160411;Longos Vales
LOCAL-160415;Merufe
LOCAL-160418;Moreira
LOCAL-160420;Pias
LOCAL-160421;Pinheiros
LOCAL-160422;Podame
LOCAL-160423;Portela
LOCAL-160424;Riba de Mouro
LOCAL-160427;Segude
LOCAL-160428;Tangil
LOCAL-160431;Trute
LOCAL-160434;Anhões e Luzio
LOCAL-160435;Ceivães e Badim
LOCAL-160436;Mazedo e Cortes
LOCAL-160437;Messegães, Valadares e Sá
LOCAL-160438;Monção e Troviscoso
LOCAL-160439;Sago, Lordelo e Parada
LOCAL-160440;Troporiz e Lapela
LOCAL-160500;Paredes de Coura
LOCAL-160501;Agualonga
LOCAL-160503;Castanheira
LOCAL-160505;Coura
LOCAL-160507;Cunha
LOCAL-160510;Infesta
LOCAL-160513;Mozelos
LOCAL-160514;Padornelo
LOCAL-160515;Parada
LOCAL-160519;Romarigães
LOCAL-160520;Rubiães
LOCAL-160521;Vascões
LOCAL-160522;Bico e Cristelo
LOCAL-160523;Cossourado e Linhares
LOCAL-160524;Formariz e Ferreira
LOCAL-160525;Insalde e Porreiras
LOCAL-160526;Paredes de Coura e Resende
LOCAL-160600;Ponte da Barca
LOCAL-160601;Azias
LOCAL-160602;Boivães
LOCAL-160603;Bravães
LOCAL-160604;Britelo
LOCAL-160606;Cuide de Vila Verde
LOCAL-160611;Lavradas
LOCAL-160612;Lindoso
LOCAL-160613;Nogueira
LOCAL-160614;Oleiros
LOCAL-160619;Sampriz
LOCAL-160623;Vade (São Pedro)
LOCAL-160624;Vade (São Tomé)
LOCAL-160626;Crasto, Ruivos e Grovelas
LOCAL-160627;Entre Ambos-os-Rios, Ermida e Germil
LOCAL-160628;Ponte da Barca, V.N. Muía, Paço Vedro Magalhães
LOCAL-160629;Touvedo (São Lourenço e Salvador)
LOCAL-160630;Vila Chã (São João Baptista e Santiago)
LOCAL-160700;Ponte de Lima
LOCAL-160701;Anais
LOCAL-160703;São Pedro d'Arcos
LOCAL-160704;Arcozelo
LOCAL-160707;Beiral do Lima
LOCAL-160708;Bertiandos
LOCAL-160709;Boalhosa
LOCAL-160710;Brandara
LOCAL-160713;Calheiros
LOCAL-160714;Calvelo
LOCAL-160716;Correlhã
LOCAL-160717;Estorãos
LOCAL-160718;Facha
LOCAL-160719;Feitosa
LOCAL-160721;Fontão
LOCAL-160724;Friastelas
LOCAL-160726;Gandra
LOCAL-160727;Gemieira
LOCAL-160728;Gondufe
LOCAL-160729;Labruja
LOCAL-160734;Poiares
LOCAL-160737;Refóios do Lima
LOCAL-160739;Ribeira
LOCAL-160740;Sá
LOCAL-160742;Santa Comba
LOCAL-160743;Santa Cruz do Lima
LOCAL-160744;Rebordões (Santa Maria)
LOCAL-160745;Seara
LOCAL-160746;Serdedelo
LOCAL-160747;Rebordões (Souto)
LOCAL-160750;Vitorino das Donas
LOCAL-160752;Arca e Ponte de Lima
LOCAL-160753;Ardegão, Freixo e Mato
LOCAL-160754;Associação de freguesias do Vale do Neiva
LOCAL-160755;Bárrio e Cepões
LOCAL-160756;Cabaços e Fojo Lobal
LOCAL-160757;Cabração e Moreira do Lima
LOCAL-160758;Fornelos e Queijada
LOCAL-160759;Labrujó, Rendufe e Vilar do Monte
LOCAL-160760;Navió e Vitorino dos Piães
LOCAL-160800;Valença
LOCAL-160802;Boivão
LOCAL-160803;Cerdal
LOCAL-160805;Fontoura
LOCAL-160806;Friestas
LOCAL-160808;Ganfei
LOCAL-160812;São Pedro da Torre
LOCAL-160816;Verdoejo
LOCAL-160817;Gandra e Taião
LOCAL-160818;Gondomil e Sanfins
LOCAL-160819;São Julião e Silva
LOCAL-160820;Valença, Cristelo Covo e Arão
LOCAL-160900;Viana do Castelo
LOCAL-160901;Afife
LOCAL-160902;Alvarães
LOCAL-160903;Amonde
LOCAL-160904;Anha
LOCAL-160905;Areosa
LOCAL-160908;Carreço
LOCAL-160910;Castelo do Neiva
LOCAL-160911;Darque
LOCAL-160914;Freixieiro de Soutelo
LOCAL-160915;Lanheses
LOCAL-160920;Montaria
LOCAL-160922;Mujães
LOCAL-160923;São Romão de Neiva
LOCAL-160925;Outeiro
LOCAL-160926;Perre
LOCAL-160928;Santa Marta de Portuzelo
LOCAL-160935;Vila Franca
LOCAL-160938;Vila de Punhe
LOCAL-160940;Chafé
LOCAL-160941;Barroselas e Carvoeiro
LOCAL-160942;Cardielos e Serreleis
LOCAL-160943;Geraz do Lima e Deão
LOCAL-160944;Mazarefes e Vila Fria
LOCAL-160945;Nogueira, Meixedo e Vilar de Murteda
LOCAL-160946;Subportela, Deocriste e Portela Susã
LOCAL-160947;Torre e Vila Mou
LOCAL-160948;Santa Maria Maior e Monserrate e Meadela
LOCAL-161000;Vila Nova de Cerveira
LOCAL-161003;Cornes
LOCAL-161004;Covas
LOCAL-161006;Gondarém
LOCAL-161007;Loivo
LOCAL-161009;Mentrestido
LOCAL-161012;Sapardos
LOCAL-161013;Sopo
LOCAL-161016;Campos e Vila Meã
LOCAL-161017;Candemil e Gondar
LOCAL-161018;Reboreda e Nogueira
LOCAL-161019;Vila Nova de Cerveira e Lovelhe
LOCAL-170000;Vila Real
LOCAL-170100;Alijó
LOCAL-170101;Alijó
LOCAL-170107;Favaios
LOCAL-170108;Pegarinhos
LOCAL-170109;Pinhão
LOCAL-170112;Sanfins do Douro
LOCAL-170113;Santa Eugénia
LOCAL-170114;São Mamede de Ribatua
LOCAL-170116;Vila Chã
LOCAL-170117;Vila Verde
LOCAL-170118;Vilar de Maçada
LOCAL-170120;Carlão e Amieiro
LOCAL-170121;Castedo e Cotas
LOCAL-170122;Pópulo e Ribalonga
LOCAL-170123;Vale de Mendiz, Casal de Loivos e Vilarinho
LOCAL-170200;Boticas
LOCAL-170203;Beça
LOCAL-170208;Covas do Barroso
LOCAL-170210;Dornelas
LOCAL-170213;Pinho
LOCAL-170215;Sapiãos
LOCAL-170217;Alturas do Barroso e Cerdedo
LOCAL-170218;Ardãos e Bobadela
LOCAL-170219;Boticas e Granja
LOCAL-170220;Codessoso, Curros e Fiães do Tâmega
LOCAL-170221;Vilar e Viveiro
LOCAL-170300;Chaves
LOCAL-170301;Águas Frias
LOCAL-170302;Anelhe
LOCAL-170305;Bustelo
LOCAL-170309;Cimo de Vila da Castanheira
LOCAL-170310;Curalha
LOCAL-170312;Ervededo
LOCAL-170313;Faiões
LOCAL-170314;Lama de Arcos
LOCAL-170316;Mairos
LOCAL-170317;Moreiras
LOCAL-170318;Nogueira da Montanha
LOCAL-170320;Oura
LOCAL-170321;Outeiro Seco
LOCAL-170322;Paradela
LOCAL-170324;Redondelo
LOCAL-170327;Sanfins
LOCAL-170329;Santa Leocádia
LOCAL-170330;Santo António de Monforte
LOCAL-170331;Santo Estêvão
LOCAL-170333;São Pedro de Agostém
LOCAL-170334;São Vicente
LOCAL-170340;Tronco
LOCAL-170341;Vale de Anta
LOCAL-170343;Vila Verde da Raia
LOCAL-170344;Vilar de Nantes
LOCAL-170345;Vilarelho da Raia
LOCAL-170347;Vilas Boas
LOCAL-170348;Vilela Seca
LOCAL-170349;Vilela do Tâmega
LOCAL-170350;Santa Maria Maior
LOCAL-170353;Planalto de Monforte (Oucidres e Bobadela)
LOCAL-170354;Madalena e Samaiões
LOCAL-170355;Eiras, São Julião de Montenegro e Cela
LOCAL-170356;Calvão e Soutelinho da Raia
LOCAL-170357;Loivos e Póvoa de Agrações
LOCAL-170358;Santa Cruz/Trindade e Sanjurge
LOCAL-170359;Soutelo e Seara Velha
LOCAL-170360;Travancas e Roriz
LOCAL-170361;Vidago, Arcossó, Selhariz, Vilarinho Paranheiras
LOCAL-170400;Mesão Frio
LOCAL-170401;Barqueiros
LOCAL-170402;Cidadelhe
LOCAL-170403;Oliveira
LOCAL-170407;Vila Marim
LOCAL-170408;Mesão Frio (Santo André)
LOCAL-170500;Mondim de Basto
LOCAL-170501;Atei
LOCAL-170502;Bilhó
LOCAL-170505;São Cristóvão de Mondim de Basto
LOCAL-170508;Vilar de Ferreiros
LOCAL-170509;Campanhó e Paradança
LOCAL-170510;Ermelo e Pardelhas
LOCAL-170600;Montalegre
LOCAL-170601;Cabril
LOCAL-170603;Cervos
LOCAL-170604;Chã
LOCAL-170607;Covelo do Gerês
LOCAL-170609;Ferral
LOCAL-170612;Gralhas
LOCAL-170616;Morgade
LOCAL-170618;Negrões
LOCAL-170619;Outeiro
LOCAL-170623;Pitões das Junias
LOCAL-170625;Reigoso
LOCAL-170626;Salto
LOCAL-170627;Santo André
LOCAL-170629;Sarraquinhos
LOCAL-170631;Solveira
LOCAL-170632;Tourém
LOCAL-170635;Vila da Ponte
LOCAL-170636;Cambeses do Rio, Donões e Mourilhe
LOCAL-170637;Meixedo e Padornelos
LOCAL-170638;Montalegre e Padroso
LOCAL-170639;Paradela, Contim e Fiães
LOCAL-170640;Sezelhe e Covelães
LOCAL-170641;Venda Nova e Pondras
LOCAL-170642;Viade de Baixo e Fervidelas
LOCAL-170643;Vilar de Perdizes e Meixide
LOCAL-170700;Murça
LOCAL-170701;Candedo
LOCAL-170703;Fiolhoso
LOCAL-170704;Jou
LOCAL-170705;Murça
LOCAL-170708;Valongo de Milhais
LOCAL-170710;Carva e Vilares
LOCAL-170711;Noura e Palheiros
LOCAL-170800;Peso da Régua
LOCAL-170802;Fontelas
LOCAL-170805;Loureiro
LOCAL-170809;Sedielos
LOCAL-170810;Vilarinho dos Freires
LOCAL-170813;Galafura e Covelinhas
LOCAL-170814;Moura Morta e Vinhós
LOCAL-170815;Peso da Régua e Godim
LOCAL-170816;Poiares e Canelas
LOCAL-170900;Ribeira de Pena
LOCAL-170901;Alvadia
LOCAL-170902;Canedo
LOCAL-170906;Santa Marinha
LOCAL-170908;Cerva e Limões
LOCAL-170909;Salvador e Santo Aleixo de Além-Tâmega
LOCAL-171000;Sabrosa
LOCAL-171001;Celeirós
LOCAL-171002;Covas do Douro
LOCAL-171004;Gouvinhas
LOCAL-171005;Parada de Pinhão
LOCAL-171007;Paços
LOCAL-171009;Sabrosa
LOCAL-171011;São Lourenço de Ribapinhão
LOCAL-171013;Souto Maior
LOCAL-171014;Torre do Pinhão
LOCAL-171015;Vilarinho de São Romão
LOCAL-171016;Provesende, Gouvães e S.Cristóvão do Douro
LOCAL-171017;São Martinho de Antas e Paradela de Guiães
LOCAL-171100;Santa Marta de Penaguião
LOCAL-171101;Alvações do Corgo
LOCAL-171102;Cumieira
LOCAL-171103;Fontes
LOCAL-171106;Medrões
LOCAL-171110;Sever
LOCAL-171111;Lobrigos (S.Miguel e S.João Baptista) e Sanhoane
LOCAL-171112;Louredo e Fornelos
LOCAL-171200;Valpaços
LOCAL-171201;Água Revés e Crasto
LOCAL-171203;Algeriz
LOCAL-171205;Bouçoães
LOCAL-171206;Canaveses
LOCAL-171209;Ervões
LOCAL-171211;Fornos do Pinhal
LOCAL-171212;Friões
LOCAL-171215;Padrela e Tazem
LOCAL-171216;Possacos
LOCAL-171217;Rio Torto
LOCAL-171219;Santa Maria de Emeres
LOCAL-171220;Santa Valha
LOCAL-171221;Santiago da Ribeira de Alhariz
LOCAL-171222;São João da Corveira
LOCAL-171223;São Pedro de Veiga de Lila
LOCAL-171224;Serapicos
LOCAL-171227;Vales
LOCAL-171229;Vassal
LOCAL-171230;Veiga de Lila
LOCAL-171231;Vilarandelo
LOCAL-171232;Carrazedo de Montenegro e Curros
LOCAL-171233;Lebução, Fiães e Nozelos
LOCAL-171234;Sonim e Barreiros
LOCAL-171235;Tinhela e Alvarelhos
LOCAL-171236;Valpaços e Sanfins
LOCAL-171300;Vila Pouca de Aguiar
LOCAL-171302;Alfarela de Jales
LOCAL-171303;Bornes de Aguiar
LOCAL-171304;Bragado
LOCAL-171305;Capeludos
LOCAL-171310;Soutelo de Aguiar
LOCAL-171311;Telões
LOCAL-171312;Tresminas
LOCAL-171313;Valoura
LOCAL-171314;Vila Pouca de Aguiar
LOCAL-171315;Vreia de Bornes
LOCAL-171316;Vreia de Jales
LOCAL-171317;Sabroso de Aguiar
LOCAL-171319;Alvão
LOCAL-171320;Pensalvos e Parada de Monteiros
LOCAL-171400;Vila Real
LOCAL-171401;Abaças
LOCAL-171403;Andrães
LOCAL-171404;Arroios
LOCAL-171406;Campeã
LOCAL-171409;Folhadela
LOCAL-171410;Guiães
LOCAL-171414;Lordelo
LOCAL-171415;Mateus
LOCAL-171416;Mondrões
LOCAL-171420;Parada de Cunhos
LOCAL-171426;Torgueda
LOCAL-171429;Vila Marim
LOCAL-171431;Adoufe e Vilarinho de Samardã
LOCAL-171432;Borbela e Lamas de Olo
LOCAL-171433;Constantim e Vale de Nogueiras
LOCAL-171434;Mouçós e Lamares
LOCAL-171435;Nogueira e Ermida
LOCAL-171436;Pena, Quintã e Vila Cova
LOCAL-171437;São Tomé do Castelo e Justes
LOCAL-171438;Vila Real
LOCAL-180000;Viseu
LOCAL-180100;Armamar
LOCAL-180101;Aldeias
LOCAL-180104;Cimbres
LOCAL-180106;Folgosa
LOCAL-180107;Fontelo
LOCAL-180109;Queimada
LOCAL-180110;Queimadela
LOCAL-180111;Santa Cruz
LOCAL-180114;São Cosmado
LOCAL-180115;São Martinho das Chãs
LOCAL-180118;Vacalar
LOCAL-180120;Armamar
LOCAL-180121;Aricera e Goujoim
LOCAL-180122;São Romão e Santiago
LOCAL-180123;Vila Seca e Santo Adrião
LOCAL-180200;Carregal do Sal
LOCAL-180201;Beijós
LOCAL-180202;Cabanas de Viriato
LOCAL-180204;Oliveira do Conde
LOCAL-180206;Parada
LOCAL-180208;Carregal do Sal
LOCAL-180300;Castro Daire
LOCAL-180301;Almofala
LOCAL-180303;Cabril
LOCAL-180304;Castro Daire
LOCAL-180305;Cujó
LOCAL-180309;Gosende
LOCAL-180312;Mões
LOCAL-180313;Moledo
LOCAL-180314;Monteiras
LOCAL-180317;Pepim
LOCAL-180319;Pinheiro
LOCAL-180322;São Joaninho
LOCAL-180323;Mamouros, Alva e Ribolhos
LOCAL-180324;Mezio e Moura Morta
LOCAL-180325;Parada de Ester e Ester
LOCAL-180326;Picão e Ermida
LOCAL-180327;Reriz e Gafanhão
LOCAL-180400;Cinfães
LOCAL-180403;Cinfães
LOCAL-180404;Espadanedo
LOCAL-180405;Ferreiros de Tendais
LOCAL-180406;Fornelos
LOCAL-180408;Moimenta
LOCAL-180409;Nespereira
LOCAL-180410;Oliveira do Douro
LOCAL-180412;Santiago de Piães
LOCAL-180413;São Cristóvão de Nogueira
LOCAL-180414;Souselo
LOCAL-180415;Tarouquela
LOCAL-180416;Tendais
LOCAL-180417;Travanca
LOCAL-180418;Alhões, Bustelo, Gralheira e Ramires
LOCAL-180500;Lamego
LOCAL-180502;Avões
LOCAL-180504;Britiande
LOCAL-180505;Cambres
LOCAL-180507;Ferreirim
LOCAL-180508;Ferreiros de Avões
LOCAL-180509;Figueira
LOCAL-180510;Lalim
LOCAL-180511;Lazarim
LOCAL-180516;Penajóia
LOCAL-180517;Penude
LOCAL-180519;Samodães
LOCAL-180520;Sande
LOCAL-180523;Várzea de Abrunhais
LOCAL-180524;Vila Nova de Souto d'El-Rei
LOCAL-180525;Lamego (Almacave e Sé)
LOCAL-180526;Bigorne, Magueija e Pretarouca
LOCAL-180527;Cepões, Meijinhos e Melcões
LOCAL-180528;Parada do Bispo e Valdigem
LOCAL-180600;Mangualde
LOCAL-180601;Abrunhosa-a-Velha
LOCAL-180602;Alcafache
LOCAL-180605;Cunha Baixa
LOCAL-180606;Espinho
LOCAL-180607;Fornos de Maceira Dão
LOCAL-180608;Freixiosa
LOCAL-180614;Quintela de Azurara
LOCAL-180616;São João da Fresta
LOCAL-180619;Mangualde, Mesquitela e Cunha Alta
LOCAL-180620;Moimenta de Maceira Dão e Lobelhe do Mato
LOCAL-180621;Santiago de Cassurrães e Póvoa de Cervães
LOCAL-180622;Tavares (Chãs, Várzea e Travanca)
LOCAL-180700;Moimenta da Beira
LOCAL-180702;Alvite
LOCAL-180703;Arcozelos
LOCAL-180705;Baldos
LOCAL-180706;Cabaços
LOCAL-180707;Caria
LOCAL-180708;Castelo
LOCAL-180709;Leomil
LOCAL-180710;Moimenta da Beira
LOCAL-180713;Passô
LOCAL-180716;Vila da Rua
LOCAL-180717;Sarzedo
LOCAL-180719;Sever
LOCAL-180720;Vilar
LOCAL-180721;Paradinha e Nagosa
LOCAL-180722;Pêra Velha, Aldeia de Nacomba e Ariz
LOCAL-180723;Peva e Segões
LOCAL-180800;Mortágua
LOCAL-180802;Cercosa
LOCAL-180804;Espinho
LOCAL-180805;Marmeleira
LOCAL-180807;Pala
LOCAL-180808;Sobral
LOCAL-180809;Trezói
LOCAL-180811;Mortágua, Vale de Remígio, Cortegaça e Almaça
LOCAL-180900;Nelas
LOCAL-180901;Canas de Senhorim
LOCAL-180903;Nelas
LOCAL-180905;Senhorim
LOCAL-180906;Vilar Seco
LOCAL-180908;Lapa do Lobo
LOCAL-180910;Carvalhal Redondo e Aguieira
LOCAL-180911;Santar e Moreira
LOCAL-181000;Oliveira de Frades
LOCAL-181002;Arcozelo das Maias
LOCAL-181005;Pinheiro
LOCAL-181007;Ribeiradio
LOCAL-181008;São João da Serra
LOCAL-181009;São Vicente de Lafões
LOCAL-181013;Arca e Varzielas
LOCAL-181014;Destriz e Reigoso
LOCAL-181015;Oliveira de Frades, Souto de Lafões e Sejães
LOCAL-181100;Penalva do Castelo
LOCAL-181102;Castelo de Penalva
LOCAL-181103;Esmolfe
LOCAL-181104;Germil
LOCAL-181105;Ínsua
LOCAL-181106;Lusinde
LOCAL-181109;Pindo
LOCAL-181110;Real
LOCAL-181111;Sezures
LOCAL-181112;Trancozelos
LOCAL-181114;Antas e Matela
LOCAL-181115;Vila Cova do Covelo/Mareco
LOCAL-181200;Penedono
LOCAL-181202;Beselga
LOCAL-181203;Castainço
LOCAL-181207;Penela da Beira
LOCAL-181208;Póvoa de Penela
LOCAL-181209;Souto
LOCAL-181210;Antas e Ourozinho
LOCAL-181211;Penedono e Granja
LOCAL-181300;Resende
LOCAL-181302;Barrô
LOCAL-181303;Cárquere
LOCAL-181310;Paus
LOCAL-181311;Resende
LOCAL-181312;São Cipriano
LOCAL-181313;São João de Fontoura
LOCAL-181314;São Martinho de Mouros
LOCAL-181316;Anreade e São Romão de Aregos
LOCAL-181317;Felgueiras e Feirão
LOCAL-181318;Freigil e Miomães
LOCAL-181319;Ovadas e Panchorra
LOCAL-181400;Santa Comba Dão
LOCAL-181403;Pinheiro de Ázere
LOCAL-181405;São Joaninho
LOCAL-181406;São João de Areias
LOCAL-181410;Ovoa e Vimieiro
LOCAL-181411;Santa Comba Dão e Couto do Mosteiro
LOCAL-181412;Treixedo e Nagozela
LOCAL-181500;São João da Pesqueira
LOCAL-181501;Castanheiro do Sul
LOCAL-181502;Ervedosa do Douro
LOCAL-181504;Nagozelo do Douro
LOCAL-181505;Paredes da Beira
LOCAL-181507;Riodades
LOCAL-181509;Soutelo do Douro
LOCAL-181511;Vale de Figueira
LOCAL-181512;Valongo dos Azeites
LOCAL-181515;São João da Pesqueira e Várzea de Trevões
LOCAL-181516;Trevões e Espinhosa
LOCAL-181517;Vilarouco e Pereiros
LOCAL-181600;São Pedro do Sul
LOCAL-181602;Bordonhos
LOCAL-181606;Figueiredo de Alva
LOCAL-181607;Manhouce
LOCAL-181608;Pindelo dos Milagres
LOCAL-181609;Pinho
LOCAL-181612;São Félix
LOCAL-181615;Serrazes
LOCAL-181616;Sul
LOCAL-181617;Valadares
LOCAL-181619;Vila Maior
LOCAL-181620;Carvalhais e Candal
LOCAL-181621;Santa Cruz da Trapa e São Cristóvão de Lafões
LOCAL-181622;São Martinho das Moitas e Covas do Rio
LOCAL-181623;São Pedro do Sul, Várzea e Baiões
LOCAL-181700;Sátão
LOCAL-181702;Avelal
LOCAL-181704;Ferreira de Aves
LOCAL-181706;Mioma
LOCAL-181707;Rio de Moinhos
LOCAL-181709;São Miguel de Vila Boa
LOCAL-181710;Sátão
LOCAL-181711;Silvã de Cima
LOCAL-181713;Águas Boas e Forles
LOCAL-181714;Romãs, Decermilo e Vila Longa
LOCAL-181800;Sernancelhe
LOCAL-181801;Arnas
LOCAL-181802;Carregal
LOCAL-181803;Chosendo
LOCAL-181804;Cunha
LOCAL-181806;Faia
LOCAL-181810;Granjal
LOCAL-181811;Lamosa
LOCAL-181814;Quintela
LOCAL-181817;Vila da Ponte
LOCAL-181818;Ferreirim e Macieira
LOCAL-181819;Fonte Arcada e Escurquela
LOCAL-181820;Penso e Freixinho
LOCAL-181821;Sernancelhe e Sarzeda
LOCAL-181900;Tabuaço
LOCAL-181901;Adorigo
LOCAL-181902;Arcos
LOCAL-181904;Chavães
LOCAL-181905;Desejosa
LOCAL-181906;Granja do Tedo
LOCAL-181908;Longa
LOCAL-181913;Sendim
LOCAL-181914;Tabuaço
LOCAL-181917;Valença do Douro
LOCAL-181918;Barcos e Santa Leocádia
LOCAL-181919;Paradela e Granjinha
LOCAL-181920;Pinheiros e Vale de Figueira
LOCAL-181921;Távora e Pereiro
LOCAL-182000;Tarouca
LOCAL-182004;Mondim da Beira
LOCAL-182005;Salzedas
LOCAL-182006;São João de Tarouca
LOCAL-182009;Várzea da Serra
LOCAL-182011;Gouviães e Ucanha
LOCAL-182012;Granja Nova e Vila Chã da Beira
LOCAL-182013;Tarouca e Dálvares
LOCAL-182100;Tondela
LOCAL-182102;Campo de Besteiros
LOCAL-182103;Canas de Santa Maria
LOCAL-182105;Castelões
LOCAL-182106;Dardavaz
LOCAL-182107;Ferreirós do Dão
LOCAL-182108;Guardão
LOCAL-182109;Lajeosa do Dão
LOCAL-182110;Lobão da Beira
LOCAL-182111;Molelos
LOCAL-182116;Parada de Gonta
LOCAL-182118;Santiago de Besteiros
LOCAL-182122;Tonda
LOCAL-182127;Barreiro de Besteiros e Tourigo
LOCAL-182128;Caparrosa e Silvares
LOCAL-182129;Mouraz e Vila Nova da Rainha
LOCAL-182130;São João do Monte e Mosteirinho
LOCAL-182131;São Miguel do Outeiro e Sabugosa
LOCAL-182132;Tondela e Nandufe
LOCAL-182133;Vilar de Besteiros e Mosteiro de Fráguas
LOCAL-182200;Vila Nova de Paiva
LOCAL-182203;Pendilhe
LOCAL-182204;Queiriga
LOCAL-182205;Touro
LOCAL-182206;Vila Cova à Coelheira
LOCAL-182208;Vila Nova de Paiva, Alhais e Fráguas
LOCAL-182300;Viseu
LOCAL-182301;Abraveses
LOCAL-182304;Bodiosa
LOCAL-182305;Calde
LOCAL-182306;Campo
LOCAL-182307;Cavernães
LOCAL-182310;Cota
LOCAL-182315;Fragosela
LOCAL-182316;Lordosa
LOCAL-182317;Silgueiros
LOCAL-182318;Mundão
LOCAL-182319;Orgens
LOCAL-182320;Povolide
LOCAL-182321;Ranhados
LOCAL-182322;Ribafeita
LOCAL-182323;Rio de Loba
LOCAL-182325;Santos Evos
LOCAL-182327;São João de Lourosa
LOCAL-182329;São Pedro de France
LOCAL-182335;Barreiros e Cepões
LOCAL-182336;Boa Aldeia, Farminhão e Torredeita
LOCAL-182337;Coutos de Viseu
LOCAL-182338;Fail e Vila Chã de Sá
LOCAL-182339;Repeses e São Salvador
LOCAL-182340;São Cipriano e Vil de Souto
LOCAL-182341;Viseu
LOCAL-182400;Vouzela
LOCAL-182401;Alcofra
LOCAL-182403;Campia
LOCAL-182407;Fornelo do Monte
LOCAL-182409;Queirã
LOCAL-182410;São Miguel do Mato
LOCAL-182411;Ventosa
LOCAL-182413;Cambra e Carvalhal de Vermilhas
LOCAL-182414;Fataunços e Figueiredo das Donas
LOCAL-182415;Vouzela e Paços de Vilharigues
LOCAL-300000;Madeira
LOCAL-310100;Calheta
LOCAL-310101;Arco da Calheta
LOCAL-310102;Calheta
LOCAL-310103;Estreito da Calheta
LOCAL-310104;Fajã da Ovelha
LOCAL-310105;Jardim do Mar
LOCAL-310106;Paul do Mar
LOCAL-310107;Ponta do Pargo
LOCAL-310108;Prazeres
LOCAL-310200;Câmara de Lobos
LOCAL-310201;Câmara de Lobos
LOCAL-310202;Curral das Freiras
LOCAL-310203;Estreito de Câmara de Lobos
LOCAL-310204;Quinta Grande
LOCAL-310205;Jardim da Serra
LOCAL-310300;Funchal
LOCAL-310301;Imaculado Coração de Maria
LOCAL-310302;Monte
LOCAL-310303;Funchal (Santa Luzia)
LOCAL-310304;Funchal (Santa Maria Maior)
LOCAL-310305;Santo António
LOCAL-310306;São Gonçalo
LOCAL-310307;São Martinho
LOCAL-310308;Funchal (São Pedro)
LOCAL-310309;São Roque
LOCAL-310310;Funchal (Sé)
LOCAL-310400;Machico
LOCAL-310401;Água de Pena
LOCAL-310402;Caniçal
LOCAL-310403;Machico
LOCAL-310404;Porto da Cruz
LOCAL-310405;Santo António da Serra
LOCAL-310500;Ponta do Sol
LOCAL-310501;Canhas
LOCAL-310502;Madalena do Mar
LOCAL-310503;Ponta do Sol
LOCAL-310600;Porto Moniz
LOCAL-310601;Achadas da Cruz
LOCAL-310602;Porto Moniz
LOCAL-310603;Ribeira da Janela
LOCAL-310604;Seixal
LOCAL-310700;Ribeira Brava
LOCAL-310701;Campanário
LOCAL-310702;Ribeira Brava
LOCAL-310703;Serra de Água
LOCAL-310704;Tabua
LOCAL-310800;Santa Cruz
LOCAL-310802;Camacha
LOCAL-310803;Caniço
LOCAL-310804;Gaula
LOCAL-310805;Santa Cruz
LOCAL-310806;Santo António da Serra
LOCAL-310900;Santana
LOCAL-310901;Arco de São Jorge
LOCAL-310902;Faial
LOCAL-310903;Santana
LOCAL-310904;São Jorge
LOCAL-310905;São Roque do Faial
LOCAL-310906;Ilha
LOCAL-311000;São Vicente
LOCAL-311001;Boa Ventura
LOCAL-311002;Ponta Delgada
LOCAL-311003;São Vicente
LOCAL-320100;Porto Santo
LOCAL-320101;Porto Santo
LOCAL-400000;Açores
LOCAL-410100;Vila do Porto
LOCAL-410101;Almagreira
LOCAL-410102;Santa Bárbara
LOCAL-410103;Santo Espírito
LOCAL-410104;São Pedro
LOCAL-410105;Vila do Porto
LOCAL-420100;Lagoa
LOCAL-420101;Água de Pau
LOCAL-420102;Cabouco
LOCAL-420103;Lagoa (Nossa Senhora do Rosário)
LOCAL-420104;Lagoa (Santa Cruz)
LOCAL-420105;Ribeira Chã
LOCAL-420200;Nordeste
LOCAL-420201;Achada
LOCAL-420202;Achadinha
LOCAL-420203;Lomba da Fazenda
LOCAL-420204;Nordeste
LOCAL-420206;Salga
LOCAL-420207;Santana
LOCAL-420208;Algarvia
LOCAL-420209;Santo António de Nordestinho
LOCAL-420210;São Pedro de Nordestinho
LOCAL-420300;Ponta Delgada
LOCAL-420301;Arrifes
LOCAL-420303;Candelária
LOCAL-420304;Capelas
LOCAL-420305;Covoada
LOCAL-420306;Fajã de Baixo
LOCAL-420307;Fajã de Cima
LOCAL-420308;Fenais da Luz
LOCAL-420309;Feteiras
LOCAL-420310;Ginetes
LOCAL-420311;Mosteiros
LOCAL-420312;Ponta Delgada (São Sebastião)
LOCAL-420313;Ponta Delgada (São José)
LOCAL-420314;Ponta Delgada (São Pedro)
LOCAL-420315;Relva
LOCAL-420316;Remédios
LOCAL-420317;Rosto do Cão (Livramento)
LOCAL-420318;Rosto do Cão (São Roque)
LOCAL-420319;Santa Bárbara
LOCAL-420320;Santo António
LOCAL-420321;São Vicente Ferreira
LOCAL-420322;Sete Cidades
LOCAL-420323;Ajuda da Bretanha
LOCAL-420324;Pilar da Bretanha
LOCAL-420325;Santa Clara
LOCAL-420400;Povoação
LOCAL-420401;Água Retorta
LOCAL-420402;Faial da Terra
LOCAL-420403;Furnas
LOCAL-420404;Nossa Senhora dos Remédios
LOCAL-420405;Povoação
LOCAL-420406;Ribeira Quente
LOCAL-420500;Ribeira Grande
LOCAL-420501;Calhetas
LOCAL-420502;Fenais da Ajuda
LOCAL-420503;Lomba da Maia
LOCAL-420504;Lomba de São Pedro
LOCAL-420505;Maia
LOCAL-420506;Pico da Pedra
LOCAL-420507;Porto Formoso
LOCAL-420508;Rabo de Peixe
LOCAL-420509;Ribeira Grande (Conceição)
LOCAL-420510;Ribeira Grande (Matriz)
LOCAL-420511;Ribeira Seca
LOCAL-420512;Ribeirinha
LOCAL-420513;Santa Bárbara
LOCAL-420514;São Brás
LOCAL-420600;Vila Franca do Campo
LOCAL-420601;Água de Alto
LOCAL-420602;Ponta Garça
LOCAL-420603;Ribeira das Tainhas
LOCAL-420604;Vila Franca do Campo (São Miguel)
LOCAL-420605;Vila Franca do Campo (São Pedro)
LOCAL-420606;Ribeira Seca
LOCAL-430100;Angra do Heroísmo
LOCAL-430101;Altares
LOCAL-430102;Angra (Nossa Senhora da Conceição)
LOCAL-430103;Angra (Santa Luzia)
LOCAL-430104;Angra (São Pedro)
LOCAL-430105;Angra (Sé)
LOCAL-430106;Cinco Ribeiras
LOCAL-430107;Doze Ribeiras
LOCAL-430108;Feteira
LOCAL-430109;Porto Judeu
LOCAL-430110;Posto Santo
LOCAL-430111;Raminho
LOCAL-430112;Ribeirinha
LOCAL-430113;Santa Bárbara
LOCAL-430114;São Bartolomeu de Regatos
LOCAL-430115;São Bento
LOCAL-430116;São Mateus da Calheta
LOCAL-430117;Serreta
LOCAL-430118;Terra Chã
LOCAL-430119;Vila de São Sebastião
LOCAL-430200;Vila da Praia da Vitória
LOCAL-430201;Agualva
LOCAL-430202;Biscoitos
LOCAL-430203;Cabo da Praia
LOCAL-430204;Fonte do Bastardo
LOCAL-430205;Fontinhas
LOCAL-430206;Lajes
LOCAL-430207;Praia da Vitória (Santa Cruz)
LOCAL-430208;Quatro Ribeiras
LOCAL-430209;São Brás
LOCAL-430210;Vila Nova
LOCAL-430211;Porto Martins
LOCAL-440100;Santa Cruz da Graciosa
LOCAL-440101;Guadalupe
LOCAL-440102;Luz
LOCAL-440103;São Mateus
LOCAL-440104;Santa Cruz da Graciosa
LOCAL-450100;Calheta
LOCAL-450101;Calheta
LOCAL-450102;Norte Pequeno
LOCAL-450103;Ribeira Seca
LOCAL-450104;Santo Antão
LOCAL-450105;Topo (Nossa Senhora do Rosário)
LOCAL-450200;Velas
LOCAL-450201;Manadas (Santa Bárbara)
LOCAL-450202;Norte Grande (Neves)
LOCAL-450203;Rosais
LOCAL-450204;Santo Amaro
LOCAL-450205;Urzelina (São Mateus)
LOCAL-450206;Velas (São Jorge)
LOCAL-460100;Lajes do Pico
LOCAL-460101;Calheta de Nesquim
LOCAL-460102;Lajes do Pico
LOCAL-460103;Piedade
LOCAL-460104;Ribeiras
LOCAL-460105;Ribeirinha
LOCAL-460106;São João
LOCAL-460200;Madalena
LOCAL-460201;Bandeiras
LOCAL-460202;Candelária
LOCAL-460203;Criação Velha
LOCAL-460204;Madalena
LOCAL-460205;São Caetano
LOCAL-460206;São Mateus
LOCAL-460300;São Roque do Pico
LOCAL-460301;Prainha
LOCAL-460302;Santa Luzia
LOCAL-460303;Santo Amaro
LOCAL-460304;Santo António
LOCAL-460305;São Roque do Pico
LOCAL-470100;Horta
LOCAL-470101;Capelo
LOCAL-470102;Castelo Branco
LOCAL-470103;Cedros
LOCAL-470104;Feteira
LOCAL-470105;Flamengos
LOCAL-470106;Horta (Angústias)
LOCAL-470107;Horta (Conceição)
LOCAL-470108;Horta (Matriz)
LOCAL-470109;Pedro Miguel
LOCAL-470110;Praia do Almoxarife
LOCAL-470111;Praia do Norte
LOCAL-470112;Ribeirinha
LOCAL-470113;Salão
LOCAL-480100;Lajes das Flores
LOCAL-480101;Fajã Grande
LOCAL-480102;Fajãzinha
LOCAL-480103;Fazenda
LOCAL-480104;Lajedo
LOCAL-480105;Lajes das Flores
LOCAL-480106;Lomba
LOCAL-480107;Mosteiro
LOCAL-480200;Santa Cruz das Flores
LOCAL-480201;Caveira
LOCAL-480202;Cedros
LOCAL-480203;Ponta Delgada
LOCAL-480204;Santa Cruz das Flores
LOCAL-490100;Corvo
LOCAL-490101;Corvo
